# File generated by ImageToStl.com - Free Image and 3D model conversion tools

mtllib stair.mtl

o obj1
v -0.76085877 2.53103662 3.64580059
v -0.75240028 -0.47136849 0.87941164
v -0.76086003 -0.47022778 0.87817472
v -0.74522716 2.52664733 3.65056086
v -0.74522841 -0.47461718 0.88293451
v -0.74043638 -0.47947913 0.88820702
v -0.74043512 2.5217855 3.65583277
v -0.73875362 -0.48521394 0.89442605
v -0.74043512 2.51031542 3.66827106
v -0.74043638 -0.49094898 0.90064508
v -0.74522716 2.50545382 3.67354345
v -0.74522841 -0.49581093 0.90591747
v -0.75239897 2.50220513 3.67706633
v -0.75240028 -0.49905962 0.90944022
v -0.76086003 -0.50020009 0.91067737
v -0.76931852 2.50220513 3.67706633
v -0.76931977 -0.49905962 0.90944022
v -0.77649033 2.50545382 3.67354345
v -0.77649158 -0.49581093 0.90591747
v -0.78128362 -0.49094898 0.90064508
v -0.78128237 2.51031542 3.66827106
v -0.78296638 -0.48521394 0.89442605
v -0.78296512 2.51605058 3.66205215
v -0.78128362 -0.47947913 0.88820702
v -0.77649033 2.52664733 3.65056086
v -0.77649158 -0.47461718 0.88293451
v -0.73875237 2.51605058 3.66205215
v -0.76931977 -0.47136849 0.87941164
v -0.74043632 -0.51515388 0.86316055
v -0.73875362 -0.5073812 0.85982096
v -0.77649158 -0.5217433 0.86599183
v -0.76931977 -0.53272969 0.81960815
v -0.76931971 -0.52614623 0.8678835
v -0.77649158 -0.49301928 0.85364991
v -0.74043632 -0.49960876 0.85648131
v -0.74522841 -0.49301928 0.85364991
v -0.76085997 -0.52769208 0.86854798
v -0.75240022 -0.52614623 0.8678835
v -0.78296638 -0.5073812 0.85982096
v -0.75240022 -0.48861635 0.85175818
v -0.76085997 -0.48707038 0.85109401
v -0.74522841 -0.5217433 0.86599183
v -0.76931971 -0.48861635 0.85175818
v -0.78128362 -0.49960876 0.85648131
v -0.78128362 -0.51515388 0.86316055
v -0.77649158 -0.49679124 0.81960815
v -0.76931983 -0.49201465 0.7086817
v -0.77649164 -0.49679124 0.7086817
v -0.74043638 -0.50393999 0.81960815
v -0.74522847 -0.49679124 0.81960815
v -0.77649158 -0.52795309 0.81960815
v -0.73875362 -0.51237214 0.81960815
v -0.78128368 -0.52080446 0.81960815
v -0.74043638 -0.52080446 0.81960815
v -0.78296643 -0.51237214 0.81960815
v -0.74522847 -0.52795309 0.81960815
v -0.78128368 -0.50393999 0.81960815
v -0.75240028 -0.53272969 0.81960815
v -0.76086003 -0.53440684 0.81960815
v -0.75240028 -0.49201465 0.81960815
v -0.76086003 -0.49033749 0.81960815
v -0.76931977 -0.49201465 0.81960815
v -0.78128374 -0.50393999 0.7086817
v -0.78128374 -0.52080446 0.7086817
v -0.75240034 -0.53272969 0.7086817
v -0.75240034 -0.49201465 0.7086817
v -0.76086009 -0.49033749 0.7086817
v -0.76086009 -0.53440684 0.7086817
v -0.76931983 -0.53272969 0.7086817
v -0.74522853 -0.49679124 0.7086817
v -0.77649164 -0.52795309 0.7086817
v -0.74043643 -0.50393999 0.7086817
v -0.73875368 -0.51237214 0.7086817
v -0.78296649 -0.51237214 0.7086817
v -0.74043643 -0.52080446 0.7086817
v -0.74522853 -0.52795309 0.7086817
v -0.75239897 2.52989602 3.64703798
v -0.76085871 2.50106454 3.67830324
v -0.78128237 2.5217855 3.65583277
v -0.76931846 2.52989602 3.64703798
vn -0 0.99526 -0.09729
vn 0.38619 0.71116 -0.58746
vn 0 0.77163 -0.63607
vn 0.52766 0.84709 0.06337
vn 0.71276 0.5395 -0.44824
vn 0.92863 0.2841 -0.23861
vn 0.68945 0.68296 0.24132
vn 0.99987 -0.01358 0.00893
vn 0.68945 0.29576 0.66121
vn 0.91727 -0.30573 0.25524
vn 0.52766 0.13168 0.83919
vn 0.69708 -0.54811 0.46223
vn 0.28556 0.02203 0.95811
vn 0.37526 -0.7071 0.59932
vn 0 -0.76234 0.64718
vn -0.28556 0.02203 0.95811
vn -0.37526 -0.70711 0.59932
vn -0.52767 0.13167 0.83918
vn -0.69708 -0.54811 0.46223
vn -0.91727 -0.30574 0.25524
vn -0.68943 0.29579 0.66121
vn -0.99987 -0.01358 0.00893
vn -0.74619 0.4894 0.45132
vn -0.92863 0.28411 -0.23861
vn -0.52765 0.8471 0.06339
vn -0.71276 0.5395 -0.44824
vn 0.74622 0.48938 0.45129
vn -0.38619 0.71116 -0.58747
vn 0.91388 -0.38167 0.13841
vn 0.99962 -0.02629 0.00816
vn -0.69331 -0.67598 0.24974
vn -0.37783 -0.9238 0.06191
vn -0.37296 -0.86928 0.32443
vn -0.72059 0.65487 -0.22778
vn 0.93326 0.33838 -0.12049
vn 0.72059 0.65487 -0.22779
vn 0 -0.93649 0.35068
vn 0.37296 -0.86928 0.32443
vn -0.99962 -0.02629 0.00816
vn 0.39244 0.87009 -0.29821
vn 0 0.94652 -0.32265
vn 0.69331 -0.67598 0.24974
vn -0.39244 0.87009 -0.29821
vn -0.93326 0.33838 -0.12049
vn -0.91388 -0.38167 0.13842
vn -0.70855 0.70463 -0.03814
vn -0.2848 0.68964 -0.66579
vn -0.52686 0.52844 -0.66571
vn 0.92564 0.37782 -0.02116
vn 0.70855 0.70463 -0.03814
vn -0.70099 -0.71162 0.04706
vn 0.99997 -0.00749 0.00119
vn -0.92028 -0.39044 0.02546
vn 0.92028 -0.39044 0.02546
vn -0.99997 -0.00749 0.00119
vn 0.70099 -0.71162 0.04706
vn -0.92564 0.37782 -0.02116
vn 0.37783 -0.9238 0.06191
vn 0 -0.99774 0.0672
vn 0.38332 0.92234 -0.04849
vn -0 0.99865 -0.05201
vn -0.38332 0.92234 -0.04849
vn -0.68918 0.28632 -0.66562
vn -0.68919 -0.28633 -0.66561
vn 0.2848 -0.68964 -0.66579
vn 0.2848 0.68964 -0.6658
vn -0 0.7461 -0.66583
vn -0 -0.7461 -0.66583
vn -0.2848 -0.68964 -0.6658
vn 0.52686 0.52843 -0.66572
vn -0.52686 -0.52843 -0.66572
vn 0.68918 0.28633 -0.66561
vn 0.74631 0 -0.6656
vn -0.74631 0 -0.6656
vn 0.68918 -0.28633 -0.66562
vn 0.52686 -0.52844 -0.66571
vn 0.28554 0.95676 -0.05545
vn 0 -0.01646 0.99986
vn -0.68944 0.68296 0.24132
vn -0.28554 0.95676 -0.05545
usemtl mat0
f 1//1 2//2 3//3
f 2//2 4//4 5//5
f 4//4 6//6 5//5
f 7//7 8//8 6//6
f 8//8 9//9 10//10
f 10//10 11//11 12//12
f 12//12 13//13 14//14
f 13//13 15//15 14//14
f 15//15 16//16 17//17
f 17//17 18//18 19//19
f 18//18 20//20 19//19
f 21//21 22//22 20//20
f 23//23 24//24 22//22
f 24//24 25//25 26//26
f 11//11 27//27 4//4
f 28//28 1//1 3//3
f 25//25 28//28 26//26
f 8//8 29//29 30//30
f 31//31 32//32 33//33
f 19//19 33//33 17//17
f 28//28 34//34 26//26
f 5//5 35//35 36//36
f 14//14 37//37 38//38
f 24//24 39//39 22//22
f 3//3 40//40 41//41
f 10//10 42//42 29//29
f 20//20 31//31 19//19
f 3//3 43//43 28//28
f 6//6 30//30 35//35
f 17//17 37//37 15//15
f 26//26 44//44 24//24
f 2//2 36//36 40//40
f 12//12 38//38 42//42
f 22//22 45//45 20//20
f 46//46 47//47 48//48
f 36//36 49//49 50//50
f 45//45 51//51 31//31
f 35//35 52//52 49//49
f 39//39 53//53 45//45
f 30//30 54//54 52//52
f 44//44 55//55 39//39
f 29//29 56//56 54//54
f 34//34 57//57 44//44
f 42//42 58//58 56//56
f 43//43 46//46 34//34
f 38//38 59//59 58//58
f 41//41 60//60 61//61
f 41//41 62//62 43//43
f 33//33 59//59 37//37
f 40//40 50//50 60//60
f 63//63 48//48 64//64
f 59//59 65//65 58//58
f 61//61 66//66 67//67
f 61//61 47//47 62//62
f 32//32 68//68 59//59
f 50//50 66//66 60//60
f 51//51 69//69 32//32
f 49//49 70//70 50//50
f 53//53 71//71 51//51
f 52//52 72//72 49//49
f 55//55 64//64 53//53
f 54//54 73//73 52//52
f 57//57 74//74 55//55
f 56//56 75//75 54//54
f 46//46 63//63 57//57
f 58//58 76//76 56//56
f 1//1 77//77 2//2
f 2//2 77//77 4//4
f 4//4 7//7 6//6
f 7//7 27//27 8//8
f 8//8 27//27 9//9
f 10//10 9//9 11//11
f 12//12 11//11 13//13
f 13//13 78//78 15//15
f 15//15 78//78 16//16
f 17//17 16//16 18//18
f 18//18 21//21 20//20
f 21//21 23//23 22//22
f 23//23 79//79 24//24
f 24//24 79//79 25//25
f 4//4 77//77 1//1
f 1//1 80//80 25//25
f 25//25 79//79 23//23
f 23//23 21//21 25//25
f 21//21 18//18 25//25
f 18//18 16//16 78//78
f 78//78 13//13 11//11
f 11//11 9//9 27//27
f 27//27 7//7 4//4
f 4//4 1//1 18//18
f 1//1 25//25 18//18
f 18//18 78//78 4//4
f 78//78 11//11 4//4
f 28//28 80//80 1//1
f 25//25 80//80 28//28
f 8//8 10//10 29//29
f 31//31 51//51 32//32
f 19//19 31//31 33//33
f 28//28 43//43 34//34
f 5//5 6//6 35//35
f 14//14 15//15 37//37
f 24//24 44//44 39//39
f 3//3 2//2 40//40
f 10//10 12//12 42//42
f 20//20 45//45 31//31
f 3//3 41//41 43//43
f 6//6 8//8 30//30
f 17//17 33//33 37//37
f 26//26 34//34 44//44
f 2//2 5//5 36//36
f 12//12 14//14 38//38
f 22//22 39//39 45//45
f 46//46 62//62 47//47
f 36//36 35//35 49//49
f 45//45 53//53 51//51
f 35//35 30//30 52//52
f 39//39 55//55 53//53
f 30//30 29//29 54//54
f 44//44 57//57 55//55
f 29//29 42//42 56//56
f 34//34 46//46 57//57
f 42//42 38//38 58//58
f 43//43 62//62 46//46
f 38//38 37//37 59//59
f 41//41 40//40 60//60
f 41//41 61//61 62//62
f 33//33 32//32 59//59
f 40//40 36//36 50//50
f 47//47 67//67 68//68
f 67//67 66//66 65//65
f 66//66 70//70 65//65
f 70//70 72//72 76//76
f 65//65 70//70 76//76
f 72//72 73//73 75//75
f 75//75 76//76 72//72
f 65//65 68//68 67//67
f 68//68 69//69 47//47
f 69//69 71//71 47//47
f 71//71 64//64 48//48
f 47//47 71//71 48//48
f 64//64 74//74 63//63
f 59//59 68//68 65//65
f 61//61 60//60 66//66
f 61//61 67//67 47//47
f 32//32 69//69 68//68
f 50//50 70//70 66//66
f 51//51 71//71 69//69
f 49//49 72//72 70//70
f 53//53 64//64 71//71
f 52//52 73//73 72//72
f 55//55 74//74 64//64
f 54//54 75//75 73//73
f 57//57 63//63 74//74
f 56//56 76//76 75//75
f 46//46 48//48 63//63
f 58//58 65//65 76//76
# Vertices: 80, normals: 80, texture coordinates: 0, faces: 156

o obj2
v -0.79417515 -0.24000001 0.20076971
v -0.79417515 -0.48000002 0.17076971
v -0.79417515 -0.48000002 0.20076971
v 0.79417515 -0.48000002 0.20076971
v 0.79417515 -0.24000001 0.17076972
v 0.79417515 -0.48000002 0.17076972
v -0.79417515 -0.45727512 0.0007697
v -0.79417515 -0.45727509 0.17076971
v -2.1E-07 -0.45727509 0.17076971
v -0.79417515 -0.42727515 0.0007697
v -0.79417515 -0.42727512 0.17076971
v -2.1E-07 -0.42727512 0.17076971
v 0.79417515 -0.45727512 0.0007697
v -0.77109981 -0.37587267 1.0007695
v -0.76452518 -0.37718046 0.20076966
v -0.76452518 -0.37718046 1.0007695
v -0.77667356 -0.37214839 1.0007695
v -0.77109981 -0.37587267 0.20076966
v -0.78039777 -0.3665747 1.0007695
v -0.77667356 -0.37214839 0.20076966
v -0.78170556 -0.36000001 1.0007695
v -0.78039777 -0.3665747 0.20076966
v -0.78039777 -0.35342535 1.0007695
v -0.78170556 -0.36000001 0.20076966
v -0.77667356 -0.34785163 1.0007695
v -0.78039777 -0.35342535 0.20076966
v -0.77109981 -0.34412736 1.0007695
v -0.77667356 -0.34785163 0.20076966
v -0.76452518 -0.34281957 1.0007695
v -0.77109981 -0.34412736 0.20076966
v -0.75795048 -0.34412736 1.0007695
v -0.76452518 -0.34281957 0.20076966
v -0.75237679 -0.34785163 1.0007695
v -0.75795048 -0.34412736 0.20076966
v -0.74865246 -0.35342535 1.0007695
v -0.75237679 -0.34785163 0.20076966
v -0.74734473 -0.36000001 1.0007695
v -0.74865246 -0.35342535 0.20076966
v -0.74865246 -0.3665747 1.0007695
v -0.74734473 -0.36000001 0.20076966
v -0.75237679 -0.37214839 1.0007695
v -0.74865246 -0.3665747 0.20076966
v -0.75237679 -0.37214839 0.20076966
v -0.75795048 -0.37587267 0.20076966
v -0.75795048 -0.37587267 1.0007695
v 0.79417515 -0.24000001 0.20076971
v 0.79417515 -0.45727509 0.17076972
v 0.79417515 -0.42727515 0.0007697
v 0.79417515 -0.42727512 0.17076972
v 0.77109981 -0.37587267 1.0007695
v 0.76452518 -0.37718046 0.20076966
v 0.76452518 -0.37718046 1.0007695
v 0.77667356 -0.37214839 1.0007695
v 0.77109981 -0.37587267 0.20076966
v 0.78039789 -0.3665747 1.0007695
v 0.77667356 -0.37214839 0.20076966
v 0.78170562 -0.36000001 1.0007695
v 0.78039789 -0.3665747 0.20076966
v 0.78039789 -0.35342535 1.0007695
v 0.78170562 -0.36000001 0.20076966
v 0.77667356 -0.34785163 1.0007695
v 0.78039789 -0.35342535 0.20076966
v 0.77109981 -0.34412736 1.0007695
v 0.77667356 -0.34785163 0.20076966
v 0.76452518 -0.34281957 1.0007695
v 0.77109981 -0.34412736 0.20076966
v 0.75795054 -0.34412736 1.0007695
v 0.76452518 -0.34281957 0.20076966
v 0.75237679 -0.34785163 1.0007695
v 0.75795054 -0.34412736 0.20076966
v 0.74865246 -0.35342535 1.0007695
v 0.75237679 -0.34785163 0.20076966
v 0.74734473 -0.36000001 1.0007695
v 0.74865246 -0.35342535 0.20076966
v 0.74865246 -0.3665747 1.0007695
v 0.74734473 -0.36000001 0.20076966
v 0.75237679 -0.37214839 1.0007695
v 0.74865246 -0.3665747 0.20076966
v 0.75795054 -0.37587267 0.20076966
v 0.75795054 -0.37587267 1.0007695
v 0.75237679 -0.37214839 0.20076966
v -0.79417515 -0.02399999 0.40076968
v -0.79417515 -0.264 0.37076965
v -0.79417515 -0.264 0.40076968
v 0.79417515 -0.264 0.40076968
v 0.79417515 -0.02399999 0.37076968
v 0.79417515 -0.264 0.37076968
v -0.79417515 -0.24127512 0.20076966
v -0.79417515 -0.2412751 0.37076965
v -2.1E-07 -0.2412751 0.37076965
v -0.79417515 -0.21127513 0.37076965
v -0.79417515 -0.21127516 0.20076966
v -2.1E-07 -0.21127513 0.37076965
v 0.79417515 -0.24127512 0.20076966
v -0.77109981 -0.15987265 1.20076942
v -0.76452518 -0.16118044 0.40076962
v -0.76452518 -0.16118044 1.20076942
v -0.77667356 -0.1561484 1.20076942
v -0.77109981 -0.15987265 0.40076962
v -0.78039777 -0.15057468 1.20076942
v -0.77667356 -0.1561484 0.40076962
v -0.78170556 -0.14400002 1.20076942
v -0.78039777 -0.15057468 0.40076962
v -0.78039777 -0.13742535 1.20076942
v -0.78170556 -0.14400002 0.40076962
v -0.77667356 -0.13185161 1.20076942
v -0.78039777 -0.13742535 0.40076962
v -0.77109981 -0.12812737 1.20076942
v -0.77667356 -0.13185161 0.40076962
v -0.76452518 -0.12681958 1.20076942
v -0.77109981 -0.12812737 0.40076962
v -0.75795048 -0.12812737 1.20076942
v -0.76452518 -0.12681958 0.40076962
v -0.75237679 -0.13185161 1.20076942
v -0.75795048 -0.12812737 0.40076962
v -0.74865246 -0.13742535 1.20076942
v -0.75237679 -0.13185161 0.40076962
v -0.74734473 -0.14400002 1.20076942
v -0.74865246 -0.13742535 0.40076962
v -0.74865246 -0.15057468 1.20076942
v -0.74734473 -0.14400002 0.40076962
v -0.75237679 -0.1561484 1.20076942
v -0.74865246 -0.15057468 0.40076962
v -0.75237679 -0.1561484 0.40076962
v -0.75795048 -0.15987265 0.40076962
v -0.75795048 -0.15987265 1.20076942
v 0.79417515 -0.02399999 0.40076968
v 0.79417515 -0.2412751 0.37076968
v 0.79417515 -0.21127516 0.20076966
v 0.79417515 -0.21127513 0.37076968
v 0.77109981 -0.15987265 1.20076942
v 0.76452518 -0.16118044 0.40076962
v 0.76452518 -0.16118044 1.20076942
v 0.77667356 -0.1561484 1.20076942
v 0.77109981 -0.15987265 0.40076962
v 0.78039789 -0.15057468 1.20076942
v 0.77667356 -0.1561484 0.40076962
v 0.78170562 -0.14400002 1.20076942
v 0.78039789 -0.15057468 0.40076962
v 0.78039789 -0.13742535 1.20076942
v 0.78170562 -0.14400002 0.40076962
v 0.77667356 -0.13185161 1.20076942
v 0.78039789 -0.13742535 0.40076962
v 0.77109981 -0.12812737 1.20076942
v 0.77667356 -0.13185161 0.40076962
v 0.76452518 -0.12681958 1.20076942
v 0.77109981 -0.12812737 0.40076962
v 0.75795054 -0.12812737 1.20076942
v 0.76452518 -0.12681958 0.40076962
v 0.75237679 -0.13185161 1.20076942
v 0.75795054 -0.12812737 0.40076962
v 0.74865246 -0.13742535 1.20076942
v 0.75237679 -0.13185161 0.40076962
v 0.74734473 -0.14400002 1.20076942
v 0.74865246 -0.13742535 0.40076962
v 0.74865246 -0.15057468 1.20076942
v 0.74734473 -0.14400002 0.40076962
v 0.75237679 -0.1561484 1.20076942
v 0.74865246 -0.15057468 0.40076962
v 0.75795054 -0.15987265 0.40076962
v 0.75795054 -0.15987265 1.20076942
v 0.75237679 -0.1561484 0.40076962
v -0.79417515 0.19200003 0.60076964
v -0.79417515 -0.04800001 0.57076967
v -0.79417515 -0.04800001 0.60076964
v 0.79417515 -0.04800001 0.60076964
v 0.79417515 0.19200003 0.57076967
v 0.79417515 -0.04800001 0.57076967
v -0.79417515 -0.02527511 0.40076962
v -0.79417515 -0.02527508 0.57076967
v -2.1E-07 -0.02527508 0.57076967
v -0.79417515 0.00472486 0.40076962
v -0.79417515 0.00472486 0.57076967
v -2.1E-07 0.00472486 0.57076967
v 0.79417515 -0.02527511 0.40076962
v -0.77109981 0.05612737 1.40076935
v -0.76452518 0.05481958 0.60076964
v -0.76452518 0.05481958 1.40076935
v -0.77667356 0.05985159 1.40076935
v -0.77109981 0.05612737 0.60076964
v -0.78039777 0.06542534 1.40076935
v -0.77667356 0.05985159 0.60076964
v -0.78170556 0.07199997 1.40076935
v -0.78039777 0.06542534 0.60076964
v -0.78039777 0.07857466 1.40076935
v -0.78170556 0.07199997 0.60076964
v -0.77667356 0.08414841 1.40076935
v -0.78039777 0.07857466 0.60076964
v -0.77109981 0.08787262 1.40076935
v -0.77667356 0.08414841 0.60076964
v -0.76452518 0.08918041 1.40076935
v -0.77109981 0.08787262 0.60076964
v -0.75795048 0.08787262 1.40076935
v -0.76452518 0.08918041 0.60076964
v -0.75237679 0.08414841 1.40076935
v -0.75795048 0.08787262 0.60076964
v -0.74865246 0.07857466 1.40076935
v -0.75237679 0.08414841 0.60076964
v -0.74734473 0.07199997 1.40076935
v -0.74865246 0.07857466 0.60076964
v -0.74865246 0.06542534 1.40076935
v -0.74734473 0.07199997 0.60076964
v -0.75237679 0.05985159 1.40076935
v -0.74865246 0.06542534 0.60076964
v -0.75237679 0.05985159 0.60076964
v -0.75795048 0.05612737 0.60076964
v -0.75795048 0.05612737 1.40076935
v 0.79417515 0.19200003 0.60076964
v 0.79417515 -0.02527508 0.57076967
v 0.79417515 0.00472486 0.40076962
v 0.79417515 0.00472486 0.57076967
v 0.77109981 0.05612737 1.40076935
v 0.76452518 0.05481958 0.60076964
v 0.76452518 0.05481958 1.40076935
v 0.77667356 0.05985159 1.40076935
v 0.77109981 0.05612737 0.60076964
v 0.78039789 0.06542534 1.40076935
v 0.77667356 0.05985159 0.60076964
v 0.78170562 0.07199997 1.40076935
v 0.78039789 0.06542534 0.60076964
v 0.78039789 0.07857466 1.40076935
v 0.78170562 0.07199997 0.60076964
v 0.77667356 0.08414841 1.40076935
v 0.78039789 0.07857466 0.60076964
v 0.77109981 0.08787262 1.40076935
v 0.77667356 0.08414841 0.60076964
v 0.76452518 0.08918041 1.40076935
v 0.77109981 0.08787262 0.60076964
v 0.75795054 0.08787262 1.40076935
v 0.76452518 0.08918041 0.60076964
v 0.75237679 0.08414841 1.40076935
v 0.75795054 0.08787262 0.60076964
v 0.74865246 0.07857466 1.40076935
v 0.75237679 0.08414841 0.60076964
v 0.74734473 0.07199997 1.40076935
v 0.74865246 0.07857466 0.60076964
v 0.74865246 0.06542534 1.40076935
v 0.74734473 0.07199997 0.60076964
v 0.75237679 0.05985159 1.40076935
v 0.74865246 0.06542534 0.60076964
v 0.75795054 0.05612737 0.60076964
v 0.75795054 0.05612737 1.40076935
v 0.75237679 0.05985159 0.60076964
v -0.79417515 0.40799999 0.80076957
v -0.79417515 0.16799998 0.7707696
v -0.79417515 0.16799998 0.80076957
v 0.79417515 0.16799998 0.80076957
v 0.79417515 0.40799999 0.7707696
v 0.79417515 0.16799998 0.7707696
v -0.79417515 0.19072485 0.60076964
v -0.79417515 0.19072491 0.7707696
v -2.1E-07 0.19072491 0.7707696
v -0.79417515 0.22072482 0.60076964
v -0.79417515 0.22072488 0.7707696
v -2.1E-07 0.22072488 0.7707696
v 0.79417515 0.19072485 0.60076964
v -0.77109981 0.27212733 1.6007694
v -0.76452518 0.27081954 0.80076957
v -0.76452518 0.27081954 1.6007694
v -0.77667356 0.27585161 1.6007694
v -0.77109981 0.27212733 0.80076957
v -0.78039777 0.2814253 1.6007694
v -0.77667356 0.27585161 0.80076957
v -0.78170556 0.28799999 1.6007694
v -0.78039777 0.2814253 0.80076957
v -0.78039777 0.29457462 1.6007694
v -0.78170556 0.28799999 0.80076957
v -0.77667356 0.30014837 1.6007694
v -0.78039777 0.29457462 0.80076957
v -0.77109981 0.30387264 1.6007694
v -0.77667356 0.30014837 0.80076957
v -0.76452518 0.30518043 1.6007694
v -0.77109981 0.30387264 0.80076957
v -0.75795048 0.30387264 1.6007694
v -0.76452518 0.30518043 0.80076957
v -0.75237679 0.30014837 1.6007694
v -0.75795048 0.30387264 0.80076957
v -0.74865246 0.29457462 1.6007694
v -0.75237679 0.30014837 0.80076957
v -0.74734473 0.28799999 1.6007694
v -0.74865246 0.29457462 0.80076957
v -0.74865246 0.2814253 1.6007694
v -0.74734473 0.28799999 0.80076957
v -0.75237679 0.27585161 1.6007694
v -0.74865246 0.2814253 0.80076957
v -0.75237679 0.27585161 0.80076957
v -0.75795048 0.27212733 0.80076957
v -0.75795048 0.27212733 1.6007694
v 0.79417515 0.40799999 0.80076957
v 0.79417515 0.19072491 0.7707696
v 0.79417515 0.22072482 0.60076964
v 0.79417515 0.22072488 0.7707696
v 0.77109981 0.27212733 1.6007694
v 0.76452518 0.27081954 0.80076957
v 0.76452518 0.27081954 1.6007694
v 0.77667356 0.27585161 1.6007694
v 0.77109981 0.27212733 0.80076957
v 0.78039789 0.2814253 1.6007694
v 0.77667356 0.27585161 0.80076957
v 0.78170562 0.28799999 1.6007694
v 0.78039789 0.2814253 0.80076957
v 0.78039789 0.29457462 1.6007694
v 0.78170562 0.28799999 0.80076957
v 0.77667356 0.30014837 1.6007694
v 0.78039789 0.29457462 0.80076957
v 0.77109981 0.30387264 1.6007694
v 0.77667356 0.30014837 0.80076957
v 0.76452518 0.30518043 1.6007694
v 0.77109981 0.30387264 0.80076957
v 0.75795054 0.30387264 1.6007694
v 0.76452518 0.30518043 0.80076957
v 0.75237679 0.30014837 1.6007694
v 0.75795054 0.30387264 0.80076957
v 0.74865246 0.29457462 1.6007694
v 0.75237679 0.30014837 0.80076957
v 0.74734473 0.28799999 1.6007694
v 0.74865246 0.29457462 0.80076957
v 0.74865246 0.2814253 1.6007694
v 0.74734473 0.28799999 0.80076957
v 0.75237679 0.27585161 1.6007694
v 0.74865246 0.2814253 0.80076957
v 0.75795054 0.27212733 0.80076957
v 0.75795054 0.27212733 1.6007694
v 0.75237679 0.27585161 0.80076957
v -0.79417515 0.62400001 1.0007695
v -0.79417515 0.384 0.97076952
v -0.79417515 0.384 1.0007695
v 0.79417515 0.384 1.0007695
v 0.79417515 0.62400001 0.97076952
v 0.79417515 0.384 0.97076952
v -0.79417515 0.40672493 0.80076957
v -0.79417515 0.40672493 0.97076952
v -2.1E-07 0.40672493 0.97076952
v -0.79417515 0.43672484 0.80076957
v -0.79417515 0.4367249 0.97076952
v -2.1E-07 0.4367249 0.97076952
v 0.79417515 0.40672493 0.80076957
v -0.77109981 0.48812735 1.80076933
v -0.76452518 0.48681957 1.0007695
v -0.76452518 0.48681957 1.80076933
v -0.77667356 0.49185163 1.80076933
v -0.77109981 0.48812735 1.0007695
v -0.78039777 0.49742532 1.80076933
v -0.77667356 0.49185163 1.0007695
v -0.78170556 0.50400001 1.80076933
v -0.78039777 0.49742532 1.0007695
v -0.78039777 0.5105747 1.80076933
v -0.78170556 0.50400001 1.0007695
v -0.77667356 0.51614839 1.80076933
v -0.78039777 0.5105747 1.0007695
v -0.77109981 0.51987267 1.80076933
v -0.77667356 0.51614839 1.0007695
v -0.76452518 0.52118045 1.80076933
v -0.77109981 0.51987267 1.0007695
v -0.75795048 0.51987267 1.80076933
v -0.76452518 0.52118045 1.0007695
v -0.75237679 0.51614839 1.80076933
v -0.75795048 0.51987267 1.0007695
v -0.74865246 0.5105747 1.80076933
v -0.75237679 0.51614839 1.0007695
v -0.74734473 0.50400001 1.80076933
v -0.74865246 0.5105747 1.0007695
v -0.74865246 0.49742532 1.80076933
v -0.74734473 0.50400001 1.0007695
v -0.75237679 0.49185163 1.80076933
v -0.74865246 0.49742532 1.0007695
v -0.75237679 0.49185163 1.0007695
v -0.75795048 0.48812735 1.0007695
v -0.75795048 0.48812735 1.80076933
v 0.79417515 0.62400001 1.0007695
v 0.79417515 0.40672493 0.97076952
v 0.79417515 0.43672484 0.80076957
v 0.79417515 0.4367249 0.97076952
v 0.77109981 0.48812735 1.80076933
v 0.76452518 0.48681957 1.0007695
v 0.76452518 0.48681957 1.80076933
v 0.77667356 0.49185163 1.80076933
v 0.77109981 0.48812735 1.0007695
v 0.78039789 0.49742532 1.80076933
v 0.77667356 0.49185163 1.0007695
v 0.78170562 0.50400001 1.80076933
v 0.78039789 0.49742532 1.0007695
v 0.78039789 0.5105747 1.80076933
v 0.78170562 0.50400001 1.0007695
v 0.77667356 0.51614839 1.80076933
v 0.78039789 0.5105747 1.0007695
v 0.77109981 0.51987267 1.80076933
v 0.77667356 0.51614839 1.0007695
v 0.76452518 0.52118045 1.80076933
v 0.77109981 0.51987267 1.0007695
v 0.75795054 0.51987267 1.80076933
v 0.76452518 0.52118045 1.0007695
v 0.75237679 0.51614839 1.80076933
v 0.75795054 0.51987267 1.0007695
v 0.74865246 0.5105747 1.80076933
v 0.75237679 0.51614839 1.0007695
v 0.74734473 0.50400001 1.80076933
v 0.74865246 0.5105747 1.0007695
v 0.74865246 0.49742532 1.80076933
v 0.74734473 0.50400001 1.0007695
v 0.75237679 0.49185163 1.80076933
v 0.74865246 0.49742532 1.0007695
v 0.75795054 0.48812735 1.0007695
v 0.75795054 0.48812735 1.80076933
v 0.75237679 0.49185163 1.0007695
v -0.79417515 0.84000003 1.20076954
v -0.79417515 0.60000002 1.17076945
v -0.79417515 0.60000002 1.20076954
v 0.79417515 0.60000002 1.20076954
v 0.79417515 0.84000003 1.17076957
v 0.79417515 0.60000002 1.17076957
v -0.79417515 0.62272489 1.0007695
v -0.79417515 0.62272495 1.17076945
v -2.1E-07 0.62272495 1.17076945
v -0.79417515 0.65272486 1.0007695
v -0.79417515 0.65272486 1.17076945
v -2.1E-07 0.65272486 1.17076945
v 0.79417515 0.62272489 1.0007695
v -0.77109981 0.70412743 2.00076914
v -0.76452518 0.70281959 1.20076942
v -0.76452518 0.70281959 2.00076914
v -0.77667356 0.70785165 2.00076914
v -0.77109981 0.70412743 1.20076942
v -0.78039777 0.7134254 2.00076914
v -0.77667356 0.70785165 1.20076942
v -0.78170556 0.72000003 2.00076914
v -0.78039777 0.7134254 1.20076942
v -0.78039777 0.72657466 2.00076914
v -0.78170556 0.72000003 1.20076942
v -0.77667356 0.73214841 2.00076914
v -0.78039777 0.72657466 1.20076942
v -0.77109981 0.73587263 2.00076914
v -0.77667356 0.73214841 1.20076942
v -0.76452518 0.73718047 2.00076914
v -0.77109981 0.73587263 1.20076942
v -0.75795048 0.73587263 2.00076914
v -0.76452518 0.73718047 1.20076942
v -0.75237679 0.73214841 2.00076914
v -0.75795048 0.73587263 1.20076942
v -0.74865246 0.72657466 2.00076914
v -0.75237679 0.73214841 1.20076942
v -0.74734473 0.72000003 2.00076914
v -0.74865246 0.72657466 1.20076942
v -0.74865246 0.7134254 2.00076914
v -0.74734473 0.72000003 1.20076942
v -0.75237679 0.70785165 2.00076914
v -0.74865246 0.7134254 1.20076942
v -0.75237679 0.70785165 1.20076942
v -0.75795048 0.70412743 1.20076942
v -0.75795048 0.70412743 2.00076914
v 0.79417515 0.84000003 1.20076954
v 0.79417515 0.62272495 1.17076957
v 0.79417515 0.65272486 1.0007695
v 0.79417515 0.65272486 1.17076957
v 0.77109981 0.70412743 2.00076914
v 0.76452518 0.70281959 1.20076942
v 0.76452518 0.70281959 2.00076914
v 0.77667356 0.70785165 2.00076914
v 0.77109981 0.70412743 1.20076942
v 0.78039789 0.7134254 2.00076914
v 0.77667356 0.70785165 1.20076942
v 0.78170562 0.72000003 2.00076914
v 0.78039789 0.7134254 1.20076942
v 0.78039789 0.72657466 2.00076914
v 0.78170562 0.72000003 1.20076942
v 0.77667356 0.73214841 2.00076914
v 0.78039789 0.72657466 1.20076942
v 0.77109981 0.73587263 2.00076914
v 0.77667356 0.73214841 1.20076942
v 0.76452518 0.73718047 2.00076914
v 0.77109981 0.73587263 1.20076942
v 0.75795054 0.73587263 2.00076914
v 0.76452518 0.73718047 1.20076942
v 0.75237679 0.73214841 2.00076914
v 0.75795054 0.73587263 1.20076942
v 0.74865246 0.72657466 2.00076914
v 0.75237679 0.73214841 1.20076942
v 0.74734473 0.72000003 2.00076914
v 0.74865246 0.72657466 1.20076942
v 0.74865246 0.7134254 2.00076914
v 0.74734473 0.72000003 1.20076942
v 0.75237679 0.70785165 2.00076914
v 0.74865246 0.7134254 1.20076942
v 0.75795054 0.70412743 1.20076942
v 0.75795054 0.70412743 2.00076914
v 0.75237679 0.70785165 1.20076942
v -0.79417515 1.05599999 1.40076947
v -0.79417515 0.81599998 1.37076938
v -0.79417515 0.81599998 1.40076947
v 0.79417515 0.81599998 1.40076947
v 0.79417515 1.05599999 1.37076938
v 0.79417515 0.81599998 1.37076938
v -0.79417515 0.83872485 1.20076942
v -0.79417515 0.83872485 1.37076938
v -2.1E-07 0.83872485 1.37076938
v -0.79417515 0.86872482 1.20076942
v -0.79417515 0.86872482 1.37076938
v -2.1E-07 0.86872482 1.37076938
v 0.79417515 0.83872485 1.20076942
v -0.77109981 0.92012739 2.20076895
v -0.76452518 0.91881955 1.40076935
v -0.76452518 0.91881955 2.20076895
v -0.77667356 0.92385161 2.20076895
v -0.77109981 0.92012739 1.40076935
v -0.78039777 0.92942536 2.20076895
v -0.77667356 0.92385161 1.40076935
v -0.78170556 0.93599999 2.20076895
v -0.78039777 0.92942536 1.40076935
v -0.78039777 0.94257462 2.20076895
v -0.78170556 0.93599999 1.40076935
v -0.77667356 0.94814837 2.20076895
v -0.78039777 0.94257462 1.40076935
v -0.77109981 0.95187259 2.20076895
v -0.77667356 0.94814837 1.40076935
v -0.76452518 0.95318043 2.20076895
v -0.77109981 0.95187259 1.40076935
v -0.75795048 0.95187259 2.20076895
v -0.76452518 0.95318043 1.40076935
v -0.75237679 0.94814837 2.20076895
v -0.75795048 0.95187259 1.40076935
v -0.74865246 0.94257462 2.20076895
v -0.75237679 0.94814837 1.40076935
v -0.74734473 0.93599999 2.20076895
v -0.74865246 0.94257462 1.40076935
v -0.74865246 0.92942536 2.20076895
v -0.74734473 0.93599999 1.40076935
v -0.75237679 0.92385161 2.20076895
v -0.74865246 0.92942536 1.40076935
v -0.75237679 0.92385161 1.40076935
v -0.75795048 0.92012739 1.40076935
v -0.75795048 0.92012739 2.20076895
v 0.79417515 1.05599999 1.40076947
v 0.79417515 0.83872485 1.37076938
v 0.79417515 0.86872482 1.20076942
v 0.79417515 0.86872482 1.37076938
v 0.77109981 0.92012739 2.20076895
v 0.76452518 0.91881955 1.40076935
v 0.76452518 0.91881955 2.20076895
v 0.77667356 0.92385161 2.20076895
v 0.77109981 0.92012739 1.40076935
v 0.78039789 0.92942536 2.20076895
v 0.77667356 0.92385161 1.40076935
v 0.78170562 0.93599999 2.20076895
v 0.78039789 0.92942536 1.40076935
v 0.78039789 0.94257462 2.20076895
v 0.78170562 0.93599999 1.40076935
v 0.77667356 0.94814837 2.20076895
v 0.78039789 0.94257462 1.40076935
v 0.77109981 0.95187259 2.20076895
v 0.77667356 0.94814837 1.40076935
v 0.76452518 0.95318043 2.20076895
v 0.77109981 0.95187259 1.40076935
v 0.75795054 0.95187259 2.20076895
v 0.76452518 0.95318043 1.40076935
v 0.75237679 0.94814837 2.20076895
v 0.75795054 0.95187259 1.40076935
v 0.74865246 0.94257462 2.20076895
v 0.75237679 0.94814837 1.40076935
v 0.74734473 0.93599999 2.20076895
v 0.74865246 0.94257462 1.40076935
v 0.74865246 0.92942536 2.20076895
v 0.74734473 0.93599999 1.40076935
v 0.75237679 0.92385161 2.20076895
v 0.74865246 0.92942536 1.40076935
v 0.75795054 0.92012739 1.40076935
v 0.75795054 0.92012739 2.20076895
v 0.75237679 0.92385161 1.40076935
v -0.79417515 1.27199996 1.6007694
v -0.79417515 1.03199995 1.57076931
v -0.79417515 1.03199995 1.6007694
v 0.79417515 1.03199995 1.6007694
v 0.79417515 1.27199996 1.57076943
v 0.79417515 1.03199995 1.57076943
v -0.79417515 1.05472481 1.40076935
v -0.79417515 1.05472481 1.57076931
v -2.1E-07 1.05472481 1.57076931
v -0.79417515 1.08472478 1.40076935
v -0.79417515 1.08472478 1.57076931
v -2.1E-07 1.08472478 1.57076931
v 0.79417515 1.05472481 1.40076935
v -0.77109981 1.13612735 2.400769
v -0.76452518 1.13481951 1.60076928
v -0.76452518 1.13481951 2.400769
v -0.77667356 1.13985157 2.400769
v -0.77109981 1.13612735 1.60076928
v -0.78039777 1.14542532 2.400769
v -0.77667356 1.13985157 1.60076928
v -0.78170556 1.15199995 2.400769
v -0.78039777 1.14542532 1.60076928
v -0.78039777 1.15857458 2.400769
v -0.78170556 1.15199995 1.60076928
v -0.77667356 1.16414833 2.400769
v -0.78039777 1.15857458 1.60076928
v -0.77109981 1.16787255 2.400769
v -0.77667356 1.16414833 1.60076928
v -0.76452518 1.16918039 2.400769
v -0.77109981 1.16787255 1.60076928
v -0.75795048 1.16787255 2.400769
v -0.76452518 1.16918039 1.60076928
v -0.75237679 1.16414833 2.400769
v -0.75795048 1.16787255 1.60076928
v -0.74865246 1.15857458 2.400769
v -0.75237679 1.16414833 1.60076928
v -0.74734473 1.15199995 2.400769
v -0.74865246 1.15857458 1.60076928
v -0.74865246 1.14542532 2.400769
v -0.74734473 1.15199995 1.60076928
v -0.75237679 1.13985157 2.400769
v -0.74865246 1.14542532 1.60076928
v -0.75237679 1.13985157 1.60076928
v -0.75795048 1.13612735 1.60076928
v -0.75795048 1.13612735 2.400769
v 0.79417515 1.27199996 1.6007694
v 0.79417515 1.05472481 1.57076943
v 0.79417515 1.08472478 1.40076935
v 0.79417515 1.08472478 1.57076943
v 0.77109981 1.13612735 2.400769
v 0.76452518 1.13481951 1.60076928
v 0.76452518 1.13481951 2.400769
v 0.77667356 1.13985157 2.400769
v 0.77109981 1.13612735 1.60076928
v 0.78039789 1.14542532 2.400769
v 0.77667356 1.13985157 1.60076928
v 0.78170562 1.15199995 2.400769
v 0.78039789 1.14542532 1.60076928
v 0.78039789 1.15857458 2.400769
v 0.78170562 1.15199995 1.60076928
v 0.77667356 1.16414833 2.400769
v 0.78039789 1.15857458 1.60076928
v 0.77109981 1.16787255 2.400769
v 0.77667356 1.16414833 1.60076928
v 0.76452518 1.16918039 2.400769
v 0.77109981 1.16787255 1.60076928
v 0.75795054 1.16787255 2.400769
v 0.76452518 1.16918039 1.60076928
v 0.75237679 1.16414833 2.400769
v 0.75795054 1.16787255 1.60076928
v 0.74865246 1.15857458 2.400769
v 0.75237679 1.16414833 1.60076928
v 0.74734473 1.15199995 2.400769
v 0.74865246 1.15857458 1.60076928
v 0.74865246 1.14542532 2.400769
v 0.74734473 1.15199995 1.60076928
v 0.75237679 1.13985157 2.400769
v 0.74865246 1.14542532 1.60076928
v 0.75795054 1.13612735 1.60076928
v 0.75795054 1.13612735 2.400769
v 0.75237679 1.13985157 1.60076928
v -0.79417515 1.48799992 1.80076933
v -0.79417515 1.24799991 1.77076924
v -0.79417515 1.24799991 1.80076933
v 0.79417515 1.24799991 1.80076933
v 0.79417515 1.48799992 1.77076924
v 0.79417515 1.24799991 1.77076924
v -0.79417515 1.27072477 1.60076928
v -0.79417515 1.27072477 1.77076924
v -2.1E-07 1.27072477 1.77076924
v -0.79417515 1.30072474 1.60076928
v -0.79417515 1.30072474 1.77076924
v -2.1E-07 1.30072474 1.77076924
v 0.79417515 1.27072477 1.60076928
v -0.77109981 1.35212731 2.60076904
v -0.76452518 1.35081947 1.80076921
v -0.76452518 1.35081947 2.60076904
v -0.77667356 1.35585153 2.60076904
v -0.77109981 1.35212731 1.80076921
v -0.78039777 1.36142528 2.60076904
v -0.77667356 1.35585153 1.80076921
v -0.78170556 1.36799991 2.60076904
v -0.78039777 1.36142528 1.80076921
v -0.78039777 1.37457454 2.60076904
v -0.78170556 1.36799991 1.80076921
v -0.77667356 1.38014829 2.60076904
v -0.78039777 1.37457454 1.80076921
v -0.77109981 1.38387251 2.60076904
v -0.77667356 1.38014829 1.80076921
v -0.76452518 1.38518035 2.60076904
v -0.77109981 1.38387251 1.80076921
v -0.75795048 1.38387251 2.60076904
v -0.76452518 1.38518035 1.80076921
v -0.75237679 1.38014829 2.60076904
v -0.75795048 1.38387251 1.80076921
v -0.74865246 1.37457454 2.60076904
v -0.75237679 1.38014829 1.80076921
v -0.74734473 1.36799991 2.60076904
v -0.74865246 1.37457454 1.80076921
v -0.74865246 1.36142528 2.60076904
v -0.74734473 1.36799991 1.80076921
v -0.75237679 1.35585153 2.60076904
v -0.74865246 1.36142528 1.80076921
v -0.75237679 1.35585153 1.80076921
v -0.75795048 1.35212731 1.80076921
v -0.75795048 1.35212731 2.60076904
v 0.79417515 1.48799992 1.80076933
v 0.79417515 1.27072477 1.77076924
v 0.79417515 1.30072474 1.60076928
v 0.79417515 1.30072474 1.77076924
v 0.77109981 1.35212731 2.60076904
v 0.76452518 1.35081947 1.80076921
v 0.76452518 1.35081947 2.60076904
v 0.77667356 1.35585153 2.60076904
v 0.77109981 1.35212731 1.80076921
v 0.78039789 1.36142528 2.60076904
v 0.77667356 1.35585153 1.80076921
v 0.78170562 1.36799991 2.60076904
v 0.78039789 1.36142528 1.80076921
v 0.78039789 1.37457454 2.60076904
v 0.78170562 1.36799991 1.80076921
v 0.77667356 1.38014829 2.60076904
v 0.78039789 1.37457454 1.80076921
v 0.77109981 1.38387251 2.60076904
v 0.77667356 1.38014829 1.80076921
v 0.76452518 1.38518035 2.60076904
v 0.77109981 1.38387251 1.80076921
v 0.75795054 1.38387251 2.60076904
v 0.76452518 1.38518035 1.80076921
v 0.75237679 1.38014829 2.60076904
v 0.75795054 1.38387251 1.80076921
v 0.74865246 1.37457454 2.60076904
v 0.75237679 1.38014829 1.80076921
v 0.74734473 1.36799991 2.60076904
v 0.74865246 1.37457454 1.80076921
v 0.74865246 1.36142528 2.60076904
v 0.74734473 1.36799991 1.80076921
v 0.75237679 1.35585153 2.60076904
v 0.74865246 1.36142528 1.80076921
v 0.75795054 1.35212731 1.80076921
v 0.75795054 1.35212731 2.60076904
v 0.75237679 1.35585153 1.80076921
v -0.79417515 1.70399988 2.00076914
v -0.79417515 1.46399987 1.97076917
v -0.79417515 1.46399987 2.00076914
v 0.79417515 1.46399987 2.00076914
v 0.79417515 1.70399988 1.97076929
v 0.79417515 1.46399987 1.97076929
v -0.79417515 1.48672473 1.80076921
v -0.79417515 1.48672473 1.97076917
v -2.1E-07 1.48672473 1.97076917
v -0.79417515 1.51672471 1.80076921
v -0.79417515 1.51672471 1.97076917
v -2.1E-07 1.51672471 1.97076917
v 0.79417515 1.48672473 1.80076921
v -0.77109981 1.56812727 2.80076885
v -0.76452518 1.56681943 2.00076914
v -0.76452518 1.56681943 2.80076885
v -0.77667356 1.57185149 2.80076885
v -0.77109981 1.56812727 2.00076914
v -0.78039777 1.57742524 2.80076885
v -0.77667356 1.57185149 2.00076914
v -0.78170556 1.58399987 2.80076885
v -0.78039777 1.57742524 2.00076914
v -0.78039777 1.5905745 2.80076885
v -0.78170556 1.58399987 2.00076914
v -0.77667356 1.59614825 2.80076885
v -0.78039777 1.5905745 2.00076914
v -0.77109981 1.59987247 2.80076885
v -0.77667356 1.59614825 2.00076914
v -0.76452518 1.60118032 2.80076885
v -0.77109981 1.59987247 2.00076914
v -0.75795048 1.59987247 2.80076885
v -0.76452518 1.60118032 2.00076914
v -0.75237679 1.59614825 2.80076885
v -0.75795048 1.59987247 2.00076914
v -0.74865246 1.5905745 2.80076885
v -0.75237679 1.59614825 2.00076914
v -0.74734473 1.58399987 2.80076885
v -0.74865246 1.5905745 2.00076914
v -0.74865246 1.57742524 2.80076885
v -0.74734473 1.58399987 2.00076914
v -0.75237679 1.57185149 2.80076885
v -0.74865246 1.57742524 2.00076914
v -0.75237679 1.57185149 2.00076914
v -0.75795048 1.56812727 2.00076914
v -0.75795048 1.56812727 2.80076885
v 0.79417515 1.70399988 2.00076914
v 0.79417515 1.48672473 1.97076929
v 0.79417515 1.51672471 1.80076921
v 0.79417515 1.51672471 1.97076929
v 0.77109981 1.56812727 2.80076885
v 0.76452518 1.56681943 2.00076914
v 0.76452518 1.56681943 2.80076885
v 0.77667356 1.57185149 2.80076885
v 0.77109981 1.56812727 2.00076914
v 0.78039789 1.57742524 2.80076885
v 0.77667356 1.57185149 2.00076914
v 0.78170562 1.58399987 2.80076885
v 0.78039789 1.57742524 2.00076914
v 0.78039789 1.5905745 2.80076885
v 0.78170562 1.58399987 2.00076914
v 0.77667356 1.59614825 2.80076885
v 0.78039789 1.5905745 2.00076914
v 0.77109981 1.59987247 2.80076885
v 0.77667356 1.59614825 2.00076914
v 0.76452518 1.60118032 2.80076885
v 0.77109981 1.59987247 2.00076914
v 0.75795054 1.59987247 2.80076885
v 0.76452518 1.60118032 2.00076914
v 0.75237679 1.59614825 2.80076885
v 0.75795054 1.59987247 2.00076914
v 0.74865246 1.5905745 2.80076885
v 0.75237679 1.59614825 2.00076914
v 0.74734473 1.58399987 2.80076885
v 0.74865246 1.5905745 2.00076914
v 0.74865246 1.57742524 2.80076885
v 0.74734473 1.58399987 2.00076914
v 0.75237679 1.57185149 2.80076885
v 0.74865246 1.57742524 2.00076914
v 0.75795054 1.56812727 2.00076914
v 0.75795054 1.56812727 2.80076885
v 0.75237679 1.57185149 2.00076914
v -0.79417515 1.91999972 2.20076895
v -0.79417515 1.67999995 2.17076898
v -0.79417515 1.67999995 2.20076895
v 0.79417515 1.67999995 2.20076895
v 0.79417515 1.91999972 2.17076898
v 0.79417515 1.67999995 2.17076898
v -0.79417515 1.70272481 2.00076914
v -0.79417515 1.70272481 2.17076898
v -2.1E-07 1.70272481 2.17076898
v -0.79417515 1.73272479 2.00076914
v -0.79417515 1.73272479 2.17076898
v -2.1E-07 1.73272479 2.17076898
v 0.79417515 1.70272481 2.00076914
v -0.77109981 1.78412712 3.00076866
v -0.76452518 1.78281939 2.20076895
v -0.76452518 1.78281939 3.00076866
v -0.77667356 1.78785145 3.00076866
v -0.77109981 1.78412712 2.20076895
v -0.78039777 1.7934252 3.00076866
v -0.77667356 1.78785145 2.20076895
v -0.78170556 1.79999983 3.00076866
v -0.78039777 1.7934252 2.20076895
v -0.78039777 1.80657446 3.00076866
v -0.78170556 1.79999983 2.20076895
v -0.77667356 1.81214821 3.00076866
v -0.78039777 1.80657446 2.20076895
v -0.77109981 1.81587255 3.00076866
v -0.77667356 1.81214821 2.20076895
v -0.76452518 1.81718028 3.00076866
v -0.77109981 1.81587255 2.20076895
v -0.75795048 1.81587255 3.00076866
v -0.76452518 1.81718028 2.20076895
v -0.75237679 1.81214821 3.00076866
v -0.75795048 1.81587255 2.20076895
v -0.74865246 1.80657446 3.00076866
v -0.75237679 1.81214821 2.20076895
v -0.74734473 1.79999983 3.00076866
v -0.74865246 1.80657446 2.20076895
v -0.74865246 1.7934252 3.00076866
v -0.74734473 1.79999983 2.20076895
v -0.75237679 1.78785145 3.00076866
v -0.74865246 1.7934252 2.20076895
v -0.75237679 1.78785145 2.20076895
v -0.75795048 1.78412712 2.20076895
v -0.75795048 1.78412712 3.00076866
v 0.79417515 1.91999972 2.20076895
v 0.79417515 1.70272481 2.17076898
v 0.79417515 1.73272479 2.00076914
v 0.79417515 1.73272479 2.17076898
v 0.77109981 1.78412712 3.00076866
v 0.76452518 1.78281939 2.20076895
v 0.76452518 1.78281939 3.00076866
v 0.77667356 1.78785145 3.00076866
v 0.77109981 1.78412712 2.20076895
v 0.78039789 1.7934252 3.00076866
v 0.77667356 1.78785145 2.20076895
v 0.78170562 1.79999983 3.00076866
v 0.78039789 1.7934252 2.20076895
v 0.78039789 1.80657446 3.00076866
v 0.78170562 1.79999983 2.20076895
v 0.77667356 1.81214821 3.00076866
v 0.78039789 1.80657446 2.20076895
v 0.77109981 1.81587255 3.00076866
v 0.77667356 1.81214821 2.20076895
v 0.76452518 1.81718028 3.00076866
v 0.77109981 1.81587255 2.20076895
v 0.75795054 1.81587255 3.00076866
v 0.76452518 1.81718028 2.20076895
v 0.75237679 1.81214821 3.00076866
v 0.75795054 1.81587255 2.20076895
v 0.74865246 1.80657446 3.00076866
v 0.75237679 1.81214821 2.20076895
v 0.74734473 1.79999983 3.00076866
v 0.74865246 1.80657446 2.20076895
v 0.74865246 1.7934252 3.00076866
v 0.74734473 1.79999983 2.20076895
v 0.75237679 1.78785145 3.00076866
v 0.74865246 1.7934252 2.20076895
v 0.75795054 1.78412712 2.20076895
v 0.75795054 1.78412712 3.00076866
v 0.75237679 1.78785145 2.20076895
v -0.79417515 2.13599968 2.400769
v -0.79417515 1.89600003 2.37076902
v -0.79417515 1.89600003 2.400769
v 0.79417515 1.89600003 2.400769
v 0.79417515 2.13599968 2.37076902
v 0.79417515 1.89600003 2.37076902
v -0.79417515 1.91872489 2.20076895
v -0.79417515 1.91872489 2.37076902
v -2.1E-07 1.91872489 2.37076902
v -0.79417515 1.94872487 2.20076895
v -0.79417515 1.94872487 2.37076902
v -2.1E-07 1.94872487 2.37076902
v 0.79417515 1.91872489 2.20076895
v -0.77109981 2.00012732 3.20076871
v -0.76452518 1.99881947 2.400769
v -0.76452518 1.99881947 3.20076871
v -0.77667356 2.00385141 3.20076871
v -0.77109981 2.00012732 2.400769
v -0.78039777 2.00942516 3.20076871
v -0.77667356 2.00385141 2.400769
v -0.78170556 2.01599979 3.20076871
v -0.78039777 2.00942516 2.400769
v -0.78039777 2.02257442 3.20076871
v -0.78170556 2.01599979 2.400769
v -0.77667356 2.02814817 3.20076871
v -0.78039777 2.02257442 2.400769
v -0.77109981 2.03187275 3.20076871
v -0.77667356 2.02814817 2.400769
v -0.76452518 2.03318024 3.20076871
v -0.77109981 2.03187275 2.400769
v -0.75795048 2.03187275 3.20076871
v -0.76452518 2.03318024 2.400769
v -0.75237679 2.02814817 3.20076871
v -0.75795048 2.03187275 2.400769
v -0.74865246 2.02257442 3.20076871
v -0.75237679 2.02814817 2.400769
v -0.74734473 2.01599979 3.20076871
v -0.74865246 2.02257442 2.400769
v -0.74865246 2.00942516 3.20076871
v -0.74734473 2.01599979 2.400769
v -0.75237679 2.00385141 3.20076871
v -0.74865246 2.00942516 2.400769
v -0.75237679 2.00385141 2.400769
v -0.75795048 2.00012732 2.400769
v -0.75795048 2.00012732 3.20076871
v 0.79417515 2.13599968 2.400769
v 0.79417515 1.91872489 2.37076902
v 0.79417515 1.94872487 2.20076895
v 0.79417515 1.94872487 2.37076902
v 0.77109981 2.00012732 3.20076871
v 0.76452518 1.99881947 2.400769
v 0.76452518 1.99881947 3.20076871
v 0.77667356 2.00385141 3.20076871
v 0.77109981 2.00012732 2.400769
v 0.78039789 2.00942516 3.20076871
v 0.77667356 2.00385141 2.400769
v 0.78170562 2.01599979 3.20076871
v 0.78039789 2.00942516 2.400769
v 0.78039789 2.02257442 3.20076871
v 0.78170562 2.01599979 2.400769
v 0.77667356 2.02814817 3.20076871
v 0.78039789 2.02257442 2.400769
v 0.77109981 2.03187275 3.20076871
v 0.77667356 2.02814817 2.400769
v 0.76452518 2.03318024 3.20076871
v 0.77109981 2.03187275 2.400769
v 0.75795054 2.03187275 3.20076871
v 0.76452518 2.03318024 2.400769
v 0.75237679 2.02814817 3.20076871
v 0.75795054 2.03187275 2.400769
v 0.74865246 2.02257442 3.20076871
v 0.75237679 2.02814817 2.400769
v 0.74734473 2.01599979 3.20076871
v 0.74865246 2.02257442 2.400769
v 0.74865246 2.00942516 3.20076871
v 0.74734473 2.01599979 2.400769
v 0.75237679 2.00385141 3.20076871
v 0.74865246 2.00942516 2.400769
v 0.75795054 2.00012732 2.400769
v 0.75795054 2.00012732 3.20076871
v 0.75237679 2.00385141 2.400769
v -0.79417515 2.35199976 2.60076904
v -0.79417515 2.11199999 2.57076907
v -0.79417515 2.11199999 2.60076904
v 0.79417515 2.11199999 2.60076904
v 0.79417515 2.35199976 2.57076907
v 0.79417515 2.11199999 2.57076907
v -0.79417515 2.13472509 2.400769
v -0.79417515 2.13472509 2.57076907
v -2.1E-07 2.13472509 2.57076907
v -0.79417515 2.16472483 2.400769
v -0.79417515 2.16472483 2.57076907
v -2.1E-07 2.16472483 2.57076907
v 0.79417515 2.13472509 2.400769
v -0.77109981 2.2161274 3.40076876
v -0.76452518 2.21481943 2.60076904
v -0.76452518 2.21481943 3.40076876
v -0.77667356 2.21985149 3.40076876
v -0.77109981 2.2161274 2.60076904
v -0.78039777 2.22542524 3.40076876
v -0.77667356 2.21985149 2.60076904
v -0.78170556 2.23199987 3.40076876
v -0.78039777 2.22542524 2.60076904
v -0.78039777 2.2385745 3.40076876
v -0.78170556 2.23199987 2.60076904
v -0.77667356 2.24414825 3.40076876
v -0.78039777 2.2385745 2.60076904
v -0.77109981 2.24787283 3.40076876
v -0.77667356 2.24414825 2.60076904
v -0.76452518 2.24918032 3.40076876
v -0.77109981 2.24787283 2.60076904
v -0.75795048 2.24787283 3.40076876
v -0.76452518 2.24918032 2.60076904
v -0.75237679 2.24414825 3.40076876
v -0.75795048 2.24787283 2.60076904
v -0.74865246 2.2385745 3.40076876
v -0.75237679 2.24414825 2.60076904
v -0.74734473 2.23199987 3.40076876
v -0.74865246 2.2385745 2.60076904
v -0.74865246 2.22542524 3.40076876
v -0.74734473 2.23199987 2.60076904
v -0.75237679 2.21985149 3.40076876
v -0.74865246 2.22542524 2.60076904
v -0.75237679 2.21985149 2.60076904
v -0.75795048 2.2161274 2.60076904
v -0.75795048 2.2161274 3.40076876
v 0.79417515 2.35199976 2.60076904
v 0.79417515 2.13472509 2.57076907
v 0.79417515 2.16472483 2.400769
v 0.79417515 2.16472483 2.57076907
v 0.77109981 2.2161274 3.40076876
v 0.76452518 2.21481943 2.60076904
v 0.76452518 2.21481943 3.40076876
v 0.77667356 2.21985149 3.40076876
v 0.77109981 2.2161274 2.60076904
v 0.78039789 2.22542524 3.40076876
v 0.77667356 2.21985149 2.60076904
v 0.78170562 2.23199987 3.40076876
v 0.78039789 2.22542524 2.60076904
v 0.78039789 2.2385745 3.40076876
v 0.78170562 2.23199987 2.60076904
v 0.77667356 2.24414825 3.40076876
v 0.78039789 2.2385745 2.60076904
v 0.77109981 2.24787283 3.40076876
v 0.77667356 2.24414825 2.60076904
v 0.76452518 2.24918032 3.40076876
v 0.77109981 2.24787283 2.60076904
v 0.75795054 2.24787283 3.40076876
v 0.76452518 2.24918032 2.60076904
v 0.75237679 2.24414825 3.40076876
v 0.75795054 2.24787283 2.60076904
v 0.74865246 2.2385745 3.40076876
v 0.75237679 2.24414825 2.60076904
v 0.74734473 2.23199987 3.40076876
v 0.74865246 2.2385745 2.60076904
v 0.74865246 2.22542524 3.40076876
v 0.74734473 2.23199987 2.60076904
v 0.75237679 2.21985149 3.40076876
v 0.74865246 2.22542524 2.60076904
v 0.75795054 2.2161274 2.60076904
v 0.75795054 2.2161274 3.40076876
v 0.75237679 2.21985149 2.60076904
v -0.79417515 2.56799984 2.80076909
v -0.79417515 2.32800007 2.77076912
v -0.79417515 2.32800007 2.80076909
v 0.79417515 2.32800007 2.80076909
v 0.79417515 2.56799984 2.77076912
v 0.79417515 2.32800007 2.77076912
v -0.79417515 2.35072517 2.60076904
v -0.79417515 2.35072517 2.77076912
v -2.1E-07 2.35072517 2.77076912
v -0.79417515 2.38072491 2.60076904
v -0.79417515 2.38072491 2.77076912
v -2.1E-07 2.38072491 2.77076912
v 0.79417515 2.35072517 2.60076904
v -0.77109981 2.43212748 3.6007688
v -0.76452518 2.43081951 2.80076909
v -0.76452518 2.43081951 3.6007688
v -0.77667356 2.43585157 3.6007688
v -0.77109981 2.43212748 2.80076909
v -0.78039777 2.44142532 3.6007688
v -0.77667356 2.43585157 2.80076909
v -0.78170556 2.44799995 3.6007688
v -0.78039777 2.44142532 2.80076909
v -0.78039777 2.45457458 3.6007688
v -0.78170556 2.44799995 2.80076909
v -0.77667356 2.46014833 3.6007688
v -0.78039777 2.45457458 2.80076909
v -0.77109981 2.46387291 3.6007688
v -0.77667356 2.46014833 2.80076909
v -0.76452518 2.4651804 3.6007688
v -0.77109981 2.46387291 2.80076909
v -0.75795048 2.46387291 3.6007688
v -0.76452518 2.4651804 2.80076909
v -0.75237679 2.46014833 3.6007688
v -0.75795048 2.46387291 2.80076909
v -0.74865246 2.45457458 3.6007688
v -0.75237679 2.46014833 2.80076909
v -0.74734473 2.44799995 3.6007688
v -0.74865246 2.45457458 2.80076909
v -0.74865246 2.44142532 3.6007688
v -0.74734473 2.44799995 2.80076909
v -0.75237679 2.43585157 3.6007688
v -0.74865246 2.44142532 2.80076909
v -0.75237679 2.43585157 2.80076909
v -0.75795048 2.43212748 2.80076909
v -0.75795048 2.43212748 3.6007688
v 0.79417515 2.56799984 2.80076909
v 0.79417515 2.35072517 2.77076912
v 0.79417515 2.38072491 2.60076904
v 0.79417515 2.38072491 2.77076912
v 0.77109981 2.43212748 3.6007688
v 0.76452518 2.43081951 2.80076909
v 0.76452518 2.43081951 3.6007688
v 0.77667356 2.43585157 3.6007688
v 0.77109981 2.43212748 2.80076909
v 0.78039789 2.44142532 3.6007688
v 0.77667356 2.43585157 2.80076909
v 0.78170562 2.44799995 3.6007688
v 0.78039789 2.44142532 2.80076909
v 0.78039789 2.45457458 3.6007688
v 0.78170562 2.44799995 2.80076909
v 0.77667356 2.46014833 3.6007688
v 0.78039789 2.45457458 2.80076909
v 0.77109981 2.46387291 3.6007688
v 0.77667356 2.46014833 2.80076909
v 0.76452518 2.4651804 3.6007688
v 0.77109981 2.46387291 2.80076909
v 0.75795054 2.46387291 3.6007688
v 0.76452518 2.4651804 2.80076909
v 0.75237679 2.46014833 3.6007688
v 0.75795054 2.46387291 2.80076909
v 0.74865246 2.45457458 3.6007688
v 0.75237679 2.46014833 2.80076909
v 0.74734473 2.44799995 3.6007688
v 0.74865246 2.45457458 2.80076909
v 0.74865246 2.44142532 3.6007688
v 0.74734473 2.44799995 2.80076909
v 0.75237679 2.43585157 3.6007688
v 0.74865246 2.44142532 2.80076909
v 0.75795054 2.43212748 2.80076909
v 0.75795054 2.43212748 3.6007688
v 0.75237679 2.43585157 2.80076909
v -0.79417515 -0.24000001 0.17076971
v -0.79417515 -0.02399999 0.37076965
v -0.79417515 0.19200003 0.57076967
v -0.79417515 0.40799999 0.7707696
v -0.79417515 0.62400001 0.97076952
v -0.79417515 0.84000003 1.17076945
v -0.79417515 1.05599999 1.37076938
v -0.79417515 1.27199996 1.57076931
v -0.79417515 1.48799992 1.77076924
v -0.79417515 1.70399988 1.97076917
v -0.79417515 1.91999972 2.17076898
v -0.79417515 2.13599968 2.37076902
v -0.79417515 2.35199976 2.57076907
v -0.79417515 2.56799984 2.77076912
vn -0.57735 -0.57736 -0.57735
vn -0.57735 0.57736 0.57734
vn -0.57735 0.57735 -0.57735
vn -0.57735 0.57736 -0.57735
vn -0.57735 -0.57736 0.57735
vn -0.57735 0.57735 0.57735
vn -0.57736 0.57734 0.57736
vn -0.57734 0.57735 0.57735
vn 0 1 -0
vn -0.57735 -0.57734 0.57736
vn -0.57735 -0.57735 0.57736
vn 0 -1 0
vn -0.57735 0.57734 0.57736
vn -0.28556 -0.68941 -0.66571
vn -0 -0.74621 0.66571
vn -0 -0.7462 -0.66572
vn -0.52765 -0.52765 -0.66571
vn -0.28556 -0.68941 0.66571
vn -0.6894 -0.28556 -0.66572
vn -0.52765 -0.52765 0.66572
vn -0.7462 -0 -0.66572
vn -0.6894 -0.28556 0.66572
vn -0.68941 0.28556 -0.66571
vn -0.74621 0 0.66571
vn -0.52764 0.52764 -0.66572
vn -0.6894 0.28556 0.66572
vn -0.28557 0.68942 -0.6657
vn -0.52764 0.52764 0.66572
vn -0 0.7462 -0.66572
vn -0.28556 0.68941 0.66571
vn 0.28556 0.68941 -0.66571
vn -0 0.74621 0.66571
vn 0.52765 0.52765 -0.66571
vn 0.28556 0.6894 0.66572
vn 0.68941 0.28557 -0.6657
vn 0.52766 0.52766 0.66569
vn 0.7462 0 -0.66572
vn 0.6894 0.28556 0.66572
vn 0.68941 -0.28556 -0.66571
vn 0.74622 -0 0.6657
vn 0.52765 -0.52765 -0.66571
vn 0.6894 -0.28556 0.66572
vn 0.52766 -0.52766 0.66569
vn 0.28556 -0.6894 0.66572
vn 0.28557 -0.68942 -0.6657
vn -0.57735 -0.57735 -0.57735
vn -0.57734 0.57735 -0.57735
vn -0.57735 -0.57734 0.57736
vn -0.57735 -0.57735 -0.57736
vn -0.28556 0.68941 0.66571
vn -0 0.74621 -0.66571
vn 0 0.7462 0.66572
vn -0.52764 0.52765 0.66572
vn -0.28556 0.6894 -0.66572
vn -0.6894 0.28556 0.66572
vn -0.52765 0.52766 -0.66571
vn -0.74621 0 0.66571
vn -0.6894 0.28556 -0.66572
vn -0.68941 -0.28556 0.66571
vn -0.74622 -0 -0.6657
vn -0.52764 -0.52764 0.66572
vn -0.6894 -0.28556 -0.66572
vn -0.28557 -0.68943 0.66568
vn -0.52765 -0.52765 -0.66571
vn -0 -0.7462 0.66572
vn -0.28556 -0.68941 -0.66571
vn 0.28556 -0.68941 0.66571
vn 0 -0.74621 -0.66571
vn 0.52765 -0.52765 0.66571
vn 0.28556 -0.6894 -0.66572
vn 0.68941 -0.28557 0.6657
vn 0.52765 -0.52766 -0.6657
vn 0.7462 -0 0.66572
vn 0.6894 -0.28556 -0.66572
vn 0.68941 0.28556 0.66571
vn 0.74622 0 -0.6657
vn 0.52765 0.52765 0.66571
vn 0.6894 0.28556 -0.66572
vn 0.28556 0.68941 -0.66571
vn 0.28556 0.6894 0.66571
vn 0.52765 0.52765 -0.66571
vn -0.57735 -0.57736 -0.57735
vn -0.57735 0.57736 0.57734
vn -0.57735 0.57735 -0.57735
vn -0.57735 0.57736 -0.57735
vn -0.57735 -0.57736 0.57735
vn -0.57735 0.57735 0.57735
vn -0.57735 0.57734 0.57736
vn -0.57735 0.57735 0.57735
vn 0 1 -0
vn -0.57734 -0.57735 0.57736
vn -0.57735 -0.57734 0.57736
vn 0 -1 0
vn -0.57735 0.57734 0.57736
vn -0.28557 -0.68942 -0.6657
vn -0 -0.74621 0.66571
vn -0 -0.7462 -0.66572
vn -0.52764 -0.52764 -0.66572
vn -0.28556 -0.68941 0.66571
vn -0.68941 -0.28556 -0.66571
vn -0.52765 -0.52765 0.66571
vn -0.7462 -0 -0.66572
vn -0.6894 -0.28556 0.66572
vn -0.68941 0.28556 -0.66571
vn -0.74621 0 0.66571
vn -0.52764 0.52764 -0.66572
vn -0.6894 0.28556 0.66572
vn -0.28557 0.68942 -0.6657
vn -0.52764 0.52764 0.66572
vn -0 0.7462 -0.66572
vn -0.28556 0.68941 0.66571
vn 0.28556 0.68941 -0.66571
vn -0 0.74621 0.66571
vn 0.52765 0.52765 -0.66571
vn 0.28556 0.6894 0.66572
vn 0.6894 0.28556 -0.66572
vn 0.52766 0.52766 0.66569
vn 0.74621 0 -0.66571
vn 0.6894 0.28556 0.66572
vn 0.68941 -0.28556 -0.66571
vn 0.74622 -0 0.6657
vn 0.52764 -0.52764 -0.66572
vn 0.6894 -0.28556 0.66572
vn 0.52766 -0.52766 0.66569
vn 0.28556 -0.6894 0.66572
vn 0.28557 -0.68943 -0.66569
vn -0.57735 -0.57735 -0.57735
vn -0.57734 0.57735 -0.57735
vn -0.57735 -0.57734 0.57736
vn -0.57735 -0.57735 -0.57736
vn -0.28556 0.68941 0.66571
vn -0 0.74621 -0.66571
vn 0 0.7462 0.66572
vn -0.52764 0.52765 0.66572
vn -0.28556 0.6894 -0.66572
vn -0.6894 0.28556 0.66572
vn -0.52765 0.52766 -0.6657
vn -0.74621 0 0.66571
vn -0.6894 0.28556 -0.66572
vn -0.68941 -0.28556 0.66571
vn -0.74622 -0 -0.6657
vn -0.52764 -0.52765 0.66572
vn -0.6894 -0.28556 -0.66572
vn -0.28557 -0.68943 0.66568
vn -0.52765 -0.52765 -0.66571
vn -0 -0.7462 0.66572
vn -0.28556 -0.68941 -0.66571
vn 0.28556 -0.68941 0.66571
vn 0 -0.74621 -0.66571
vn 0.52764 -0.52765 0.66572
vn 0.28556 -0.6894 -0.66572
vn 0.6894 -0.28556 0.66572
vn 0.52765 -0.52766 -0.6657
vn 0.74621 -0 0.66571
vn 0.6894 -0.28556 -0.66572
vn 0.68941 0.28556 0.66571
vn 0.74622 0 -0.6657
vn 0.52764 0.52765 0.66572
vn 0.6894 0.28556 -0.66572
vn 0.28556 0.68941 -0.66571
vn 0.28557 0.68943 0.66568
vn 0.52765 0.52765 -0.66571
vn -0.57735 -0.57736 -0.57735
vn -0.57735 0.57736 0.57734
vn -0.57735 0.57735 -0.57735
vn -0.57735 0.57736 -0.57735
vn -0.57735 -0.57736 0.57735
vn -0.57735 0.57735 0.57735
vn -0.57736 0.57734 0.57736
vn -0.57734 0.57735 0.57735
vn 0 1 -0
vn -0.57735 -0.57734 0.57736
vn -0.57735 -0.57735 0.57736
vn 0 -1 0
vn -0.57735 0.57734 0.57736
vn -0.28556 -0.68942 -0.6657
vn -0 -0.74621 0.66571
vn 0 -0.7462 -0.66572
vn -0.52764 -0.52764 -0.66572
vn -0.28556 -0.68941 0.66571
vn -0.68942 -0.28557 -0.6657
vn -0.52765 -0.52765 0.66571
vn -0.7462 -0 -0.66572
vn -0.6894 -0.28556 0.66572
vn -0.68942 0.28556 -0.6657
vn -0.74621 0 0.66571
vn -0.52764 0.52764 -0.66572
vn -0.6894 0.28556 0.66572
vn -0.28556 0.68942 -0.6657
vn -0.52764 0.52765 0.66572
vn -0 0.7462 -0.66572
vn -0.28556 0.68941 0.66571
vn 0.28556 0.68941 -0.66571
vn 0 0.74621 0.66571
vn 0.52764 0.52765 -0.66572
vn 0.28556 0.6894 0.66572
vn 0.6894 0.28556 -0.66572
vn 0.52766 0.52767 0.66569
vn 0.74621 0 -0.66571
vn 0.6894 0.28556 0.66572
vn 0.68941 -0.28556 -0.66571
vn 0.74622 -0 0.6657
vn 0.52764 -0.52764 -0.66572
vn 0.6894 -0.28556 0.66572
vn 0.52766 -0.52767 0.66569
vn 0.28556 -0.6894 0.66572
vn 0.28557 -0.68943 -0.66569
vn -0.57735 -0.57735 -0.57735
vn -0.57734 0.57735 -0.57735
vn -0.57735 -0.57734 0.57736
vn -0.57735 -0.57735 -0.57736
vn -0.28556 0.68941 0.66571
vn -0 0.74621 -0.66571
vn 0 0.7462 0.66572
vn -0.52764 0.52765 0.66572
vn -0.28556 0.68941 -0.66571
vn -0.6894 0.28556 0.66572
vn -0.52764 0.52765 -0.66572
vn -0.74621 0 0.66571
vn -0.6894 0.28556 -0.66572
vn -0.68941 -0.28556 0.66571
vn -0.74622 -0 -0.6657
vn -0.52764 -0.52765 0.66572
vn -0.6894 -0.28556 -0.66572
vn -0.28557 -0.68943 0.66568
vn -0.52765 -0.52765 -0.66571
vn -0 -0.7462 0.66572
vn -0.28556 -0.68941 -0.66571
vn 0.28556 -0.68941 0.66571
vn 0 -0.74621 -0.66571
vn 0.52764 -0.52765 0.66572
vn 0.28556 -0.6894 -0.66572
vn 0.6894 -0.28556 0.66572
vn 0.52765 -0.52766 -0.6657
vn 0.74621 -0 0.66571
vn 0.6894 -0.28556 -0.66572
vn 0.68941 0.28556 0.66571
vn 0.74622 0 -0.6657
vn 0.52764 0.52765 0.66572
vn 0.6894 0.28556 -0.66572
vn 0.28556 0.6894 -0.66572
vn 0.28557 0.68943 0.66568
vn 0.52766 0.52767 -0.66569
vn -0.57735 -0.57736 -0.57735
vn -0.57735 0.57736 0.57734
vn -0.57735 0.57735 -0.57735
vn -0.57735 0.57736 -0.57735
vn -0.57735 -0.57736 0.57735
vn -0.57735 0.57735 0.57735
vn -0.57736 0.57734 0.57736
vn -0.57734 0.57735 0.57735
vn 0 1 -0
vn -0.57735 -0.57734 0.57736
vn -0.57735 -0.57735 0.57736
vn 0 -1 0
vn -0.57735 0.57734 0.57736
vn -0.28556 -0.68941 -0.66571
vn -0 -0.74621 0.66571
vn -0 -0.7462 -0.66572
vn -0.52765 -0.52765 -0.66571
vn -0.28556 -0.68941 0.66571
vn -0.6894 -0.28556 -0.66572
vn -0.52765 -0.52765 0.66572
vn -0.7462 0 -0.66572
vn -0.6894 -0.28556 0.66572
vn -0.68941 0.28556 -0.66571
vn -0.74621 0 0.66571
vn -0.52765 0.52764 -0.66572
vn -0.6894 0.28556 0.66572
vn -0.28557 0.68942 -0.6657
vn -0.52765 0.52764 0.66572
vn -0 0.7462 -0.66572
vn -0.28556 0.68941 0.66571
vn 0.28556 0.68941 -0.66571
vn -0 0.74621 0.66571
vn 0.52765 0.52765 -0.66571
vn 0.28556 0.6894 0.66572
vn 0.68941 0.28557 -0.6657
vn 0.52766 0.52766 0.66569
vn 0.7462 0 -0.66572
vn 0.6894 0.28556 0.66572
vn 0.68941 -0.28556 -0.66571
vn 0.74622 0 0.6657
vn 0.52765 -0.52765 -0.66571
vn 0.6894 -0.28556 0.66572
vn 0.52766 -0.52766 0.66569
vn 0.28556 -0.6894 0.66572
vn 0.28557 -0.68942 -0.6657
vn -0.57735 -0.57735 -0.57735
vn -0.57734 0.57735 -0.57735
vn -0.57735 -0.57734 0.57736
vn -0.57735 -0.57735 -0.57736
vn -0.28556 0.68941 0.66571
vn -0 0.74621 -0.66571
vn 0 0.7462 0.66572
vn -0.52764 0.52765 0.66572
vn -0.28556 0.6894 -0.66572
vn -0.6894 0.28556 0.66572
vn -0.52765 0.52766 -0.66571
vn -0.74621 -0 0.66571
vn -0.6894 0.28556 -0.66572
vn -0.68941 -0.28556 0.66571
vn -0.74622 -0 -0.6657
vn -0.52764 -0.52764 0.66572
vn -0.6894 -0.28556 -0.66572
vn -0.28557 -0.68943 0.66568
vn -0.52765 -0.52765 -0.66571
vn -0 -0.7462 0.66572
vn -0.28556 -0.68941 -0.66571
vn 0.28556 -0.68941 0.66571
vn 0 -0.74621 -0.66571
vn 0.52765 -0.52765 0.66571
vn 0.28556 -0.6894 -0.66572
vn 0.68941 -0.28557 0.6657
vn 0.52765 -0.52766 -0.6657
vn 0.7462 -0 0.66572
vn 0.6894 -0.28556 -0.66572
vn 0.68941 0.28556 0.66571
vn 0.74622 -0 -0.6657
vn 0.52765 0.52765 0.66571
vn 0.6894 0.28556 -0.66572
vn 0.28556 0.68941 -0.66571
vn 0.28556 0.6894 0.66571
vn 0.52765 0.52765 -0.66571
vn -0.57735 -0.57736 -0.57735
vn -0.57735 0.57736 0.57734
vn -0.57735 0.57735 -0.57735
vn -0.57735 0.57736 -0.57735
vn -0.57735 -0.57736 0.57735
vn -0.57735 0.57735 0.57735
vn -0.57736 0.57734 0.57736
vn -0.57734 0.57735 0.57735
vn 0 1 -0
vn -0.57735 -0.57734 0.57736
vn -0.57735 -0.57735 0.57736
vn 0 -1 0
vn -0.57735 0.57734 0.57736
vn -0.28556 -0.68941 -0.66571
vn -0 -0.74621 0.66571
vn -0 -0.7462 -0.66572
vn -0.52765 -0.52765 -0.66571
vn -0.28556 -0.68941 0.66571
vn -0.6894 -0.28556 -0.66572
vn -0.52765 -0.52765 0.66572
vn -0.7462 -0 -0.66572
vn -0.6894 -0.28556 0.66572
vn -0.68941 0.28556 -0.66571
vn -0.74621 0 0.66571
vn -0.52764 0.52764 -0.66572
vn -0.6894 0.28556 0.66572
vn -0.28557 0.68942 -0.6657
vn -0.52764 0.52764 0.66572
vn -0 0.7462 -0.66572
vn -0.28556 0.68941 0.66571
vn 0.28556 0.68941 -0.66571
vn -0 0.74621 0.66571
vn 0.52765 0.52765 -0.66571
vn 0.28556 0.6894 0.66572
vn 0.68941 0.28557 -0.6657
vn 0.52766 0.52766 0.66569
vn 0.7462 0 -0.66572
vn 0.6894 0.28556 0.66572
vn 0.68941 -0.28556 -0.66571
vn 0.74622 -0 0.6657
vn 0.52765 -0.52765 -0.66571
vn 0.6894 -0.28556 0.66572
vn 0.52766 -0.52766 0.66569
vn 0.28556 -0.6894 0.66572
vn 0.28557 -0.68942 -0.6657
vn -0.57735 -0.57735 -0.57735
vn -0.57734 0.57735 -0.57735
vn -0.57735 -0.57734 0.57736
vn -0.57735 -0.57735 -0.57736
vn -0.28556 0.68941 0.66571
vn -0 0.74621 -0.66571
vn 0 0.7462 0.66572
vn -0.52764 0.52765 0.66572
vn -0.28556 0.6894 -0.66572
vn -0.6894 0.28556 0.66572
vn -0.52765 0.52766 -0.66571
vn -0.74621 0 0.66571
vn -0.6894 0.28556 -0.66572
vn -0.68941 -0.28556 0.66571
vn -0.74622 -0 -0.6657
vn -0.52764 -0.52764 0.66572
vn -0.6894 -0.28556 -0.66572
vn -0.28557 -0.68943 0.66568
vn -0.52765 -0.52765 -0.66571
vn -0 -0.7462 0.66572
vn -0.28556 -0.68941 -0.66571
vn 0.28556 -0.68941 0.66571
vn 0 -0.74621 -0.66571
vn 0.52764 -0.52765 0.66572
vn 0.28556 -0.6894 -0.66572
vn 0.6894 -0.28556 0.66572
vn 0.52765 -0.52766 -0.66571
vn 0.74621 -0 0.66571
vn 0.6894 -0.28556 -0.66572
vn 0.68941 0.28556 0.66571
vn 0.74622 0 -0.6657
vn 0.52764 0.52764 0.66572
vn 0.6894 0.28556 -0.66572
vn 0.28556 0.68941 -0.66571
vn 0.28557 0.68943 0.66568
vn 0.52765 0.52765 -0.66571
vn -0.57735 -0.57736 -0.57735
vn -0.57735 0.57736 0.57734
vn -0.57735 0.57735 -0.57735
vn -0.57735 0.57736 -0.57735
vn -0.57735 -0.57736 0.57735
vn -0.57735 0.57735 0.57735
vn -0.57736 0.57734 0.57736
vn -0.57734 0.57735 0.57735
vn 0 1 -0
vn -0.57735 -0.57734 0.57736
vn -0.57735 -0.57735 0.57736
vn 0 -1 0
vn -0.57735 0.57734 0.57736
vn -0.28556 -0.68941 -0.66571
vn -0 -0.74621 0.66571
vn 0 -0.7462 -0.66572
vn -0.52764 -0.52764 -0.66572
vn -0.28557 -0.68941 0.66571
vn -0.68941 -0.28556 -0.66571
vn -0.52765 -0.52765 0.66571
vn -0.7462 -0 -0.66572
vn -0.6894 -0.28556 0.66572
vn -0.68942 0.28556 -0.6657
vn -0.74621 0 0.66571
vn -0.52764 0.52764 -0.66572
vn -0.6894 0.28556 0.66572
vn -0.28557 0.68943 -0.66569
vn -0.52764 0.52765 0.66572
vn -0 0.7462 -0.66572
vn -0.28556 0.68941 0.66571
vn 0.28556 0.68941 -0.66571
vn 0 0.74621 0.66571
vn 0.52764 0.52765 -0.66572
vn 0.28556 0.6894 0.66572
vn 0.6894 0.28556 -0.66572
vn 0.52766 0.52767 0.66569
vn 0.74621 0 -0.66571
vn 0.6894 0.28556 0.66572
vn 0.68941 -0.28556 -0.66571
vn 0.74622 -0 0.6657
vn 0.52764 -0.52764 -0.66572
vn 0.6894 -0.28556 0.66572
vn 0.52766 -0.52767 0.66569
vn 0.28556 -0.6894 0.66572
vn 0.28558 -0.68943 -0.66568
vn -0.57735 -0.57735 -0.57735
vn -0.57734 0.57735 -0.57735
vn -0.57735 -0.57734 0.57736
vn -0.57735 -0.57735 -0.57736
vn -0.28556 0.68941 0.66571
vn -0 0.74621 -0.66571
vn 0 0.7462 0.66572
vn -0.52764 0.52765 0.66572
vn -0.28556 0.6894 -0.66572
vn -0.6894 0.28556 0.66572
vn -0.52765 0.52766 -0.6657
vn -0.74621 0 0.66571
vn -0.6894 0.28556 -0.66572
vn -0.68941 -0.28556 0.66571
vn -0.74622 -0 -0.6657
vn -0.52764 -0.52765 0.66572
vn -0.6894 -0.28556 -0.66572
vn -0.28557 -0.68943 0.66568
vn -0.52765 -0.52765 -0.66571
vn -0 -0.7462 0.66572
vn -0.28556 -0.68941 -0.66571
vn 0.28556 -0.68941 0.66571
vn 0 -0.74621 -0.66571
vn 0.52764 -0.52765 0.66572
vn 0.28556 -0.6894 -0.66572
vn 0.6894 -0.28556 0.66572
vn 0.52765 -0.52766 -0.6657
vn 0.74621 -0 0.66571
vn 0.6894 -0.28556 -0.66572
vn 0.68941 0.28556 0.66571
vn 0.74622 0 -0.6657
vn 0.52764 0.52765 0.66572
vn 0.6894 0.28556 -0.66572
vn 0.28556 0.68941 -0.66571
vn 0.28557 0.68943 0.66568
vn 0.52765 0.52765 -0.66571
vn -0.57735 -0.57736 -0.57735
vn -0.57735 0.57736 0.57734
vn -0.57735 0.57735 -0.57735
vn -0.57735 0.57736 -0.57735
vn -0.57735 -0.57736 0.57735
vn -0.57735 0.57735 0.57735
vn -0.57736 0.57734 0.57736
vn -0.57734 0.57735 0.57735
vn 0 1 -0
vn -0.57735 -0.57734 0.57736
vn -0.57735 -0.57735 0.57736
vn 0 -1 -0
vn -0.57735 0.57734 0.57736
vn -0.28556 -0.68941 -0.66571
vn -0 -0.74621 0.66571
vn 0 -0.7462 -0.66572
vn -0.52764 -0.52764 -0.66572
vn -0.28557 -0.68941 0.66571
vn -0.68941 -0.28556 -0.66571
vn -0.52765 -0.52765 0.66571
vn -0.7462 -0 -0.66572
vn -0.6894 -0.28556 0.66572
vn -0.68942 0.28556 -0.6657
vn -0.74621 0 0.66571
vn -0.52764 0.52764 -0.66572
vn -0.6894 0.28556 0.66572
vn -0.28557 0.68943 -0.66569
vn -0.52764 0.52765 0.66572
vn -0 0.7462 -0.66572
vn -0.28556 0.68941 0.66571
vn 0.28556 0.68941 -0.66571
vn 0 0.74621 0.66571
vn 0.52764 0.52765 -0.66572
vn 0.28556 0.6894 0.66572
vn 0.6894 0.28556 -0.66572
vn 0.52766 0.52767 0.66569
vn 0.74621 0 -0.66571
vn 0.6894 0.28556 0.66572
vn 0.68941 -0.28556 -0.66571
vn 0.74622 -0 0.6657
vn 0.52764 -0.52764 -0.66572
vn 0.6894 -0.28556 0.66572
vn 0.52766 -0.52767 0.66569
vn 0.28556 -0.6894 0.66572
vn 0.28558 -0.68943 -0.66568
vn -0.57735 -0.57735 -0.57735
vn -0.57734 0.57735 -0.57735
vn -0.57735 -0.57734 0.57736
vn -0.57735 -0.57735 -0.57736
vn -0.28556 0.68941 0.66571
vn -0 0.74621 -0.66571
vn 0 0.7462 0.66572
vn -0.52764 0.52765 0.66572
vn -0.28556 0.6894 -0.66572
vn -0.6894 0.28556 0.66572
vn -0.52765 0.52766 -0.6657
vn -0.74621 0 0.66571
vn -0.6894 0.28556 -0.66572
vn -0.68941 -0.28556 0.66571
vn -0.74622 -0 -0.6657
vn -0.52764 -0.52765 0.66572
vn -0.6894 -0.28556 -0.66572
vn -0.28557 -0.68943 0.66568
vn -0.52765 -0.52765 -0.66571
vn -0 -0.7462 0.66572
vn -0.28556 -0.68941 -0.66571
vn 0.28556 -0.68941 0.66571
vn 0 -0.74621 -0.66571
vn 0.52764 -0.52765 0.66572
vn 0.28556 -0.6894 -0.66572
vn 0.6894 -0.28556 0.66572
vn 0.52765 -0.52766 -0.6657
vn 0.74621 -0 0.66571
vn 0.6894 -0.28556 -0.66572
vn 0.68941 0.28556 0.66571
vn 0.74622 0 -0.6657
vn 0.52764 0.52765 0.66572
vn 0.6894 0.28556 -0.66572
vn 0.28556 0.68941 -0.66571
vn 0.28557 0.68943 0.66568
vn 0.52765 0.52765 -0.66571
vn -0.57735 -0.57736 -0.57735
vn -0.57735 0.57736 0.57734
vn -0.57735 0.57735 -0.57735
vn -0.57735 0.57736 -0.57735
vn -0.57735 -0.57736 0.57735
vn -0.57735 0.57735 0.57735
vn -0.57736 0.57734 0.57736
vn -0.57734 0.57735 0.57735
vn 0 1 -0
vn -0.57735 -0.57734 0.57736
vn -0.57735 -0.57735 0.57736
vn 0 -1 -0
vn -0.57735 0.57734 0.57736
vn -0.28556 -0.68941 -0.66571
vn -0 -0.74621 0.66571
vn 0 -0.7462 -0.66572
vn -0.52764 -0.52764 -0.66572
vn -0.28557 -0.68941 0.66571
vn -0.68941 -0.28556 -0.66571
vn -0.52765 -0.52765 0.66571
vn -0.7462 -0 -0.66572
vn -0.6894 -0.28556 0.66572
vn -0.68942 0.28556 -0.6657
vn -0.74621 0 0.66571
vn -0.52764 0.52764 -0.66572
vn -0.6894 0.28556 0.66572
vn -0.28557 0.68943 -0.66569
vn -0.52764 0.52765 0.66572
vn -0 0.7462 -0.66572
vn -0.28556 0.68941 0.66571
vn 0.28556 0.68941 -0.66571
vn 0 0.74621 0.66571
vn 0.52764 0.52765 -0.66572
vn 0.28556 0.6894 0.66572
vn 0.6894 0.28556 -0.66572
vn 0.52766 0.52767 0.66569
vn 0.74621 0 -0.66571
vn 0.6894 0.28556 0.66572
vn 0.68941 -0.28556 -0.66571
vn 0.74622 -0 0.6657
vn 0.52764 -0.52764 -0.66572
vn 0.6894 -0.28556 0.66572
vn 0.52766 -0.52767 0.66569
vn 0.28556 -0.6894 0.66572
vn 0.28558 -0.68943 -0.66568
vn -0.57735 -0.57735 -0.57735
vn -0.57734 0.57735 -0.57735
vn -0.57735 -0.57734 0.57736
vn -0.57735 -0.57735 -0.57736
vn -0.28556 0.68941 0.66571
vn -0 0.74621 -0.66571
vn 0 0.7462 0.66572
vn -0.52764 0.52765 0.66572
vn -0.28556 0.6894 -0.66572
vn -0.6894 0.28556 0.66572
vn -0.52765 0.52766 -0.6657
vn -0.74621 0 0.66571
vn -0.6894 0.28556 -0.66572
vn -0.68941 -0.28556 0.66571
vn -0.74622 -0 -0.6657
vn -0.52764 -0.52765 0.66572
vn -0.6894 -0.28556 -0.66572
vn -0.28557 -0.68943 0.66568
vn -0.52765 -0.52765 -0.66571
vn -0 -0.7462 0.66572
vn -0.28556 -0.68941 -0.66571
vn 0.28556 -0.68941 0.66571
vn 0 -0.74621 -0.66571
vn 0.52764 -0.52765 0.66572
vn 0.28556 -0.6894 -0.66572
vn 0.6894 -0.28556 0.66572
vn 0.52765 -0.52766 -0.6657
vn 0.74621 -0 0.66571
vn 0.6894 -0.28556 -0.66572
vn 0.68941 0.28556 0.66571
vn 0.74622 0 -0.6657
vn 0.52764 0.52765 0.66572
vn 0.6894 0.28556 -0.66572
vn 0.28556 0.68941 -0.66571
vn 0.28557 0.68943 0.66568
vn 0.52765 0.52765 -0.66571
vn -0.57735 -0.57736 -0.57735
vn -0.57735 0.57736 0.57734
vn -0.57735 0.57735 -0.57735
vn -0.57735 0.57736 -0.57735
vn -0.57735 -0.57736 0.57735
vn -0.57735 0.57735 0.57735
vn -0.57736 0.57734 0.57736
vn -0.57734 0.57735 0.57735
vn 0 1 -0
vn -0.57735 -0.57734 0.57736
vn -0.57735 -0.57735 0.57736
vn 0 -1 -0
vn -0.57735 0.57734 0.57736
vn -0.28556 -0.6894 -0.66571
vn -0 -0.74621 0.66571
vn -0 -0.7462 -0.66572
vn -0.52764 -0.52764 -0.66572
vn -0.28556 -0.68941 0.66571
vn -0.68941 -0.28556 -0.66571
vn -0.52765 -0.52765 0.66571
vn -0.7462 -0 -0.66572
vn -0.6894 -0.28556 0.66572
vn -0.68942 0.28556 -0.6657
vn -0.74621 0 0.66571
vn -0.52764 0.52764 -0.66572
vn -0.6894 0.28556 0.66572
vn -0.28557 0.68942 -0.66569
vn -0.52764 0.52764 0.66572
vn -0 0.7462 -0.66572
vn -0.28556 0.68941 0.66571
vn 0.28556 0.6894 -0.66571
vn -0 0.74621 0.66571
vn 0.52764 0.52765 -0.66572
vn 0.28556 0.6894 0.66572
vn 0.6894 0.28556 -0.66572
vn 0.52766 0.52767 0.66569
vn 0.74621 0 -0.66571
vn 0.6894 0.28556 0.66572
vn 0.68941 -0.28556 -0.66571
vn 0.74622 -0 0.6657
vn 0.52764 -0.52764 -0.66572
vn 0.6894 -0.28556 0.66572
vn 0.52766 -0.52766 0.66569
vn 0.28556 -0.6894 0.66572
vn 0.28558 -0.68943 -0.66568
vn -0.57735 -0.57735 -0.57735
vn -0.57734 0.57735 -0.57735
vn -0.57735 -0.57734 0.57736
vn -0.57735 -0.57735 -0.57736
vn -0.28556 0.6894 0.66571
vn -0 0.74621 -0.66571
vn 0 0.7462 0.66572
vn -0.52764 0.52765 0.66572
vn -0.28556 0.6894 -0.66572
vn -0.6894 0.28556 0.66572
vn -0.52765 0.52766 -0.6657
vn -0.74621 0 0.66571
vn -0.6894 0.28556 -0.66572
vn -0.68941 -0.28556 0.66571
vn -0.74622 -0 -0.6657
vn -0.52764 -0.52765 0.66572
vn -0.6894 -0.28556 -0.66572
vn -0.28557 -0.68943 0.66568
vn -0.52765 -0.52765 -0.66571
vn -0 -0.7462 0.66572
vn -0.28556 -0.68941 -0.66571
vn 0.28556 -0.6894 0.66571
vn 0 -0.74621 -0.66571
vn 0.52764 -0.52765 0.66572
vn 0.28556 -0.6894 -0.66572
vn 0.6894 -0.28556 0.66572
vn 0.52765 -0.52766 -0.6657
vn 0.74621 -0 0.66571
vn 0.6894 -0.28556 -0.66572
vn 0.68941 0.28556 0.66571
vn 0.74622 0 -0.6657
vn 0.52764 0.52765 0.66572
vn 0.6894 0.28556 -0.66572
vn 0.28556 0.68941 -0.66571
vn 0.28557 0.68943 0.66568
vn 0.52765 0.52765 -0.66571
vn -0.57735 -0.57736 -0.57735
vn -0.57735 0.57736 0.57734
vn -0.57735 0.57735 -0.57735
vn -0.57735 0.57736 -0.57735
vn -0.57735 -0.57736 0.57735
vn -0.57735 0.57735 0.57735
vn -0.57736 0.57734 0.57736
vn -0.57734 0.57735 0.57735
vn 0 1 -0
vn -0.57735 -0.57734 0.57736
vn -0.57735 -0.57735 0.57736
vn 0 -1 -0
vn -0.57735 0.57734 0.57736
vn -0.28556 -0.68941 -0.66571
vn -0 -0.74621 0.66571
vn 0 -0.7462 -0.66572
vn -0.52764 -0.52764 -0.66572
vn -0.28557 -0.68941 0.66571
vn -0.68941 -0.28556 -0.66571
vn -0.52765 -0.52765 0.66571
vn -0.7462 -0 -0.66572
vn -0.6894 -0.28556 0.66572
vn -0.68942 0.28556 -0.6657
vn -0.74621 0 0.66571
vn -0.52764 0.52764 -0.66572
vn -0.6894 0.28556 0.66572
vn -0.28557 0.68943 -0.66569
vn -0.52764 0.52765 0.66572
vn -0 0.7462 -0.66572
vn -0.28556 0.68941 0.66571
vn 0.28556 0.68941 -0.66571
vn 0 0.74621 0.66571
vn 0.52764 0.52765 -0.66572
vn 0.28556 0.6894 0.66572
vn 0.6894 0.28556 -0.66572
vn 0.52766 0.52767 0.66569
vn 0.74621 0 -0.66571
vn 0.6894 0.28556 0.66572
vn 0.68941 -0.28556 -0.66571
vn 0.74622 -0 0.6657
vn 0.52764 -0.52764 -0.66572
vn 0.6894 -0.28556 0.66572
vn 0.52766 -0.52767 0.66569
vn 0.28556 -0.6894 0.66572
vn 0.28558 -0.68943 -0.66568
vn -0.57735 -0.57735 -0.57735
vn -0.57734 0.57735 -0.57735
vn -0.57735 -0.57734 0.57736
vn -0.57735 -0.57735 -0.57736
vn -0.28556 0.68941 0.66571
vn -0 0.74621 -0.66571
vn 0 0.7462 0.66572
vn -0.52764 0.52765 0.66572
vn -0.28556 0.6894 -0.66572
vn -0.6894 0.28556 0.66572
vn -0.52765 0.52766 -0.6657
vn -0.74621 0 0.66571
vn -0.6894 0.28556 -0.66572
vn -0.68941 -0.28556 0.66571
vn -0.74622 -0 -0.6657
vn -0.52764 -0.52765 0.66572
vn -0.6894 -0.28556 -0.66572
vn -0.28557 -0.68943 0.66568
vn -0.52765 -0.52765 -0.66571
vn -0 -0.7462 0.66572
vn -0.28556 -0.68941 -0.66571
vn 0.28556 -0.68941 0.66571
vn 0 -0.74621 -0.66571
vn 0.52764 -0.52765 0.66572
vn 0.28556 -0.6894 -0.66572
vn 0.6894 -0.28556 0.66572
vn 0.52765 -0.52766 -0.6657
vn 0.74621 -0 0.66571
vn 0.6894 -0.28556 -0.66572
vn 0.68941 0.28556 0.66571
vn 0.74622 0 -0.6657
vn 0.52764 0.52765 0.66572
vn 0.6894 0.28556 -0.66572
vn 0.28556 0.68941 -0.66571
vn 0.28557 0.68943 0.66568
vn 0.52765 0.52765 -0.66571
vn -0.57735 -0.57736 -0.57735
vn -0.57735 0.57736 0.57734
vn -0.57735 0.57735 -0.57735
vn -0.57735 0.57736 -0.57735
vn -0.57735 -0.57736 0.57735
vn -0.57735 0.57735 0.57735
vn -0.57736 0.57734 0.57736
vn -0.57734 0.57735 0.57735
vn 0 1 -0
vn -0.57735 -0.57734 0.57736
vn -0.57735 -0.57735 0.57736
vn 0 -1 -0
vn -0.57735 0.57734 0.57736
vn -0.28556 -0.68941 -0.66571
vn -0 -0.74622 0.6657
vn 0 -0.74621 -0.66571
vn -0.52765 -0.52764 -0.66572
vn -0.28556 -0.6894 0.66572
vn -0.68942 -0.28557 -0.6657
vn -0.52766 -0.52765 0.6657
vn -0.7462 -0 -0.66572
vn -0.6894 -0.28556 0.66572
vn -0.68941 0.28556 -0.66571
vn -0.74621 0 0.66571
vn -0.52766 0.52765 -0.66571
vn -0.6894 0.28556 0.66572
vn -0.28557 0.68942 -0.6657
vn -0.52766 0.52765 0.66571
vn -0 0.7462 -0.66572
vn -0.28556 0.6894 0.66572
vn 0.28556 0.68941 -0.66571
vn 0 0.74622 0.6657
vn 0.52765 0.52765 -0.66571
vn 0.28556 0.6894 0.66572
vn 0.68941 0.28556 -0.66571
vn 0.52766 0.52766 0.6657
vn 0.7462 0 -0.66572
vn 0.6894 0.28556 0.66572
vn 0.68941 -0.28556 -0.66571
vn 0.74622 -0 0.6657
vn 0.52765 -0.52765 -0.66571
vn 0.6894 -0.28556 0.66572
vn 0.52766 -0.52766 0.6657
vn 0.28556 -0.6894 0.66572
vn 0.28556 -0.6894 -0.66572
vn -0.57735 -0.57735 -0.57735
vn -0.57734 0.57735 -0.57735
vn -0.57735 -0.57734 0.57736
vn -0.57735 -0.57735 -0.57736
vn -0.28556 0.68941 0.66571
vn -0 0.74622 -0.6657
vn 0 0.7462 0.66572
vn -0.52765 0.52765 0.66571
vn -0.28556 0.6894 -0.66572
vn -0.68942 0.28557 0.6657
vn -0.52765 0.52765 -0.66571
vn -0.7462 0 0.66572
vn -0.6894 0.28556 -0.66572
vn -0.68941 -0.28556 0.66571
vn -0.74622 -0 -0.6657
vn -0.52765 -0.52765 0.66571
vn -0.6894 -0.28556 -0.66572
vn -0.28556 -0.68941 0.66571
vn -0.52766 -0.52766 -0.6657
vn -0 -0.7462 0.66572
vn -0.28556 -0.6894 -0.66572
vn 0.28556 -0.68941 0.66571
vn 0 -0.74622 -0.6657
vn 0.52765 -0.52765 0.66571
vn 0.28556 -0.6894 -0.66572
vn 0.68942 -0.28557 0.6657
vn 0.52765 -0.52765 -0.66571
vn 0.7462 -0 0.66572
vn 0.6894 -0.28556 -0.66572
vn 0.68941 0.28556 0.66571
vn 0.74622 0 -0.6657
vn 0.52765 0.52765 0.66571
vn 0.6894 0.28556 -0.66572
vn 0.28556 0.6894 -0.66572
vn 0.28556 0.68941 0.66571
vn 0.52766 0.52766 -0.6657
vn -0.57735 -0.57736 -0.57735
vn -0.57735 0.57736 0.57734
vn -0.57735 0.57735 -0.57735
vn -0.57735 0.57736 -0.57735
vn -0.57735 -0.57736 0.57735
vn -0.57735 0.57735 0.57735
vn -0.57736 0.57734 0.57736
vn -0.57734 0.57735 0.57735
vn 0 1 -0
vn -0.57735 -0.57734 0.57736
vn -0.57735 -0.57735 0.57736
vn 0 -1 -0
vn -0.57735 0.57734 0.57736
vn -0.28556 -0.68942 -0.6657
vn -0 -0.74621 0.66571
vn 0 -0.7462 -0.66572
vn -0.52764 -0.52765 -0.66572
vn -0.28556 -0.68941 0.66571
vn -0.68941 -0.28556 -0.66571
vn -0.52765 -0.52765 0.66571
vn -0.7462 -0 -0.66572
vn -0.6894 -0.28556 0.66572
vn -0.68941 0.28556 -0.66571
vn -0.74621 0 0.66571
vn -0.52765 0.52763 -0.66572
vn -0.6894 0.28556 0.66572
vn -0.28556 0.68941 -0.66571
vn -0.52766 0.52764 0.66571
vn -0 0.74621 -0.66572
vn -0.28556 0.68941 0.66571
vn 0.28557 0.68942 -0.6657
vn 0 0.74621 0.66571
vn 0.52765 0.52763 -0.66573
vn 0.28556 0.68941 0.66571
vn 0.68942 0.28557 -0.6657
vn 0.52767 0.52765 0.6657
vn 0.74621 0 -0.66571
vn 0.6894 0.28556 0.66572
vn 0.68941 -0.28556 -0.66571
vn 0.74622 -0 0.6657
vn 0.52764 -0.52765 -0.66572
vn 0.6894 -0.28556 0.66572
vn 0.52766 -0.52767 0.66569
vn 0.28555 -0.6894 0.66572
vn 0.28557 -0.68943 -0.66569
vn -0.57735 -0.57735 -0.57735
vn -0.57734 0.57735 -0.57735
vn -0.57735 -0.57734 0.57736
vn -0.57735 -0.57735 -0.57736
vn -0.28556 0.68941 0.66571
vn -0 0.74621 -0.66571
vn 0 0.7462 0.66572
vn -0.52764 0.52765 0.66572
vn -0.28556 0.68941 -0.66571
vn -0.68942 0.28557 0.6657
vn -0.52764 0.52765 -0.66572
vn -0.7462 0 0.66572
vn -0.6894 0.28556 -0.66572
vn -0.68941 -0.28556 0.66571
vn -0.74622 -0 -0.6657
vn -0.52766 -0.52764 0.66571
vn -0.6894 -0.28556 -0.66572
vn -0.28556 -0.68941 0.66571
vn -0.52766 -0.52765 -0.6657
vn -0 -0.74621 0.66572
vn -0.28556 -0.68941 -0.66571
vn 0.28556 -0.68942 0.6657
vn 0 -0.74621 -0.66571
vn 0.52765 -0.52763 0.66573
vn 0.28556 -0.68941 -0.66571
vn 0.68942 -0.28557 0.6657
vn 0.52766 -0.52764 -0.66571
vn 0.74621 -0 0.66571
vn 0.6894 -0.28556 -0.66572
vn 0.68941 0.28556 0.66571
vn 0.74622 0 -0.6657
vn 0.52764 0.52765 0.66572
vn 0.6894 0.28556 -0.66572
vn 0.28555 0.6894 -0.66572
vn 0.28556 0.68942 0.6657
vn 0.52766 0.52767 -0.66569
vn -0.57735 -0.57736 -0.57735
vn -0.57735 0.57736 0.57734
vn -0.57735 0.57735 -0.57735
vn -0.57735 0.57736 -0.57735
vn -0.57735 -0.57736 0.57735
vn -0.57735 0.57735 0.57735
vn -0.57736 0.57734 0.57736
vn -0.57734 0.57735 0.57735
vn 0 1 -0
vn -0.57735 -0.57734 0.57736
vn -0.57735 -0.57735 0.57736
vn 0 -1 0
vn -0.57735 0.57734 0.57736
vn -0.28557 -0.68941 -0.6657
vn -0 -0.74622 0.6657
vn 0 -0.74621 -0.66572
vn -0.52764 -0.52765 -0.66572
vn -0.28557 -0.68941 0.66571
vn -0.68941 -0.28556 -0.66571
vn -0.52765 -0.52765 0.66571
vn -0.7462 -0 -0.66572
vn -0.6894 -0.28556 0.66572
vn -0.68941 0.28556 -0.66571
vn -0.74621 0 0.66571
vn -0.52765 0.52763 -0.66572
vn -0.6894 0.28556 0.66572
vn -0.28556 0.68941 -0.66571
vn -0.52766 0.52764 0.66571
vn -0 0.74621 -0.66572
vn -0.28556 0.68941 0.66571
vn 0.28557 0.68942 -0.6657
vn 0 0.74621 0.66571
vn 0.52765 0.52763 -0.66573
vn 0.28556 0.68941 0.66571
vn 0.68942 0.28557 -0.6657
vn 0.52767 0.52765 0.6657
vn 0.74621 0 -0.66571
vn 0.6894 0.28556 0.66572
vn 0.68941 -0.28556 -0.66571
vn 0.74622 -0 0.6657
vn 0.52764 -0.52765 -0.66572
vn 0.6894 -0.28556 0.66572
vn 0.52766 -0.52767 0.66569
vn 0.28556 -0.68939 0.66573
vn 0.28557 -0.68942 -0.66569
vn -0.57735 -0.57735 -0.57735
vn -0.57734 0.57735 -0.57735
vn -0.57735 -0.57734 0.57736
vn -0.57735 -0.57735 -0.57736
vn -0.28556 0.6894 0.66572
vn -0 0.74622 -0.6657
vn 0 0.74621 0.66572
vn -0.52764 0.52765 0.66572
vn -0.28556 0.68939 -0.66573
vn -0.68942 0.28557 0.6657
vn -0.52765 0.52766 -0.6657
vn -0.7462 0 0.66572
vn -0.6894 0.28556 -0.66572
vn -0.68941 -0.28556 0.66571
vn -0.74622 -0 -0.6657
vn -0.52766 -0.52764 0.66571
vn -0.6894 -0.28556 -0.66572
vn -0.28556 -0.68941 0.66571
vn -0.52766 -0.52765 -0.6657
vn -0 -0.74621 0.66572
vn -0.28556 -0.68941 -0.66571
vn 0.28556 -0.68942 0.6657
vn 0 -0.74621 -0.66571
vn 0.52765 -0.52763 0.66573
vn 0.28556 -0.68941 -0.66571
vn 0.68942 -0.28557 0.6657
vn 0.52766 -0.52764 -0.66571
vn 0.74621 -0 0.66571
vn 0.6894 -0.28556 -0.66572
vn 0.68941 0.28556 0.66571
vn 0.74622 0 -0.6657
vn 0.52764 0.52765 0.66572
vn 0.6894 0.28556 -0.66572
vn 0.28556 0.68941 -0.66571
vn 0.28557 0.68942 0.6657
vn 0.52764 0.52766 -0.66571
vn -0.57735 -0.57736 -0.57735
vn -0.57735 0.57736 0.57734
vn -0.57735 0.57735 -0.57735
vn -0.57735 0.57736 -0.57735
vn -0.57735 -0.57736 0.57735
vn -0.57735 0.57735 0.57735
vn -0.57736 0.57734 0.57736
vn -0.57734 0.57735 0.57735
vn 0 1 -0
vn -0.57735 -0.57734 0.57736
vn -0.57735 -0.57735 0.57736
vn 0 -1 0
vn -0.57735 0.57734 0.57736
vn -0.28557 -0.68941 -0.6657
vn -0 -0.74622 0.6657
vn 0 -0.74621 -0.66572
vn -0.52764 -0.52765 -0.66572
vn -0.28557 -0.68941 0.66571
vn -0.68941 -0.28556 -0.66571
vn -0.52765 -0.52765 0.66571
vn -0.7462 -0 -0.66572
vn -0.6894 -0.28556 0.66572
vn -0.68941 0.28556 -0.66571
vn -0.74621 0 0.66571
vn -0.52765 0.52763 -0.66572
vn -0.6894 0.28556 0.66572
vn -0.28556 0.68941 -0.66571
vn -0.52766 0.52764 0.66571
vn -0 0.74621 -0.66572
vn -0.28556 0.68941 0.66571
vn 0.28557 0.68942 -0.6657
vn 0 0.74621 0.66571
vn 0.52765 0.52763 -0.66573
vn 0.28556 0.68941 0.66571
vn 0.68942 0.28557 -0.6657
vn 0.52767 0.52765 0.6657
vn 0.74621 0 -0.66571
vn 0.6894 0.28556 0.66572
vn 0.68941 -0.28556 -0.66571
vn 0.74622 -0 0.6657
vn 0.52764 -0.52765 -0.66572
vn 0.6894 -0.28556 0.66572
vn 0.52766 -0.52767 0.66569
vn 0.28556 -0.68939 0.66573
vn 0.28557 -0.68942 -0.66569
vn -0.57735 -0.57735 -0.57735
vn -0.57734 0.57735 -0.57735
vn -0.57735 -0.57734 0.57736
vn -0.57735 -0.57735 -0.57736
vn -0.28556 0.6894 0.66572
vn -0 0.74622 -0.6657
vn 0 0.74621 0.66572
vn -0.52764 0.52765 0.66572
vn -0.28556 0.68939 -0.66573
vn -0.68942 0.28557 0.6657
vn -0.52765 0.52766 -0.6657
vn -0.7462 0 0.66572
vn -0.6894 0.28556 -0.66572
vn -0.68941 -0.28556 0.66571
vn -0.74622 -0 -0.6657
vn -0.52766 -0.52764 0.66571
vn -0.6894 -0.28556 -0.66572
vn -0.28556 -0.68941 0.66571
vn -0.52766 -0.52765 -0.6657
vn -0 -0.74621 0.66572
vn -0.28556 -0.68941 -0.66571
vn 0.28556 -0.68942 0.6657
vn 0 -0.74621 -0.66571
vn 0.52765 -0.52763 0.66573
vn 0.28556 -0.68941 -0.66571
vn 0.68942 -0.28557 0.6657
vn 0.52766 -0.52764 -0.66571
vn 0.74621 -0 0.66571
vn 0.6894 -0.28556 -0.66572
vn 0.68941 0.28556 0.66571
vn 0.74622 0 -0.6657
vn 0.52764 0.52765 0.66572
vn 0.6894 0.28556 -0.66572
vn 0.28556 0.68941 -0.66571
vn 0.28557 0.68942 0.6657
vn 0.52764 0.52766 -0.66571
vn -0.57735 -0.57735 0.57735
vn -0.57735 -0.57735 0.57735
vn -0.57735 -0.57735 0.57735
vn -0.57735 -0.57735 0.57735
vn -0.57735 -0.57735 0.57735
vn -0.57735 -0.57735 0.57735
vn -0.57735 -0.57735 0.57735
vn -0.57735 -0.57735 0.57735
vn -0.57735 -0.57735 0.57735
vn -0.57735 -0.57735 0.57735
vn -0.57735 -0.57735 0.57735
vn -0.57735 -0.57735 0.57735
vn -0.57735 -0.57735 0.57735
vn -0.57735 -0.57735 0.57735
usemtl mat0
f 81//81 82//82 83//83
f 84//84 82//82 83//83
f 85//85 82//82 86//86
f 87//87 88//88 89//89
f 88//88 90//90 87//87
f 89//89 91//91 88//88
f 92//92 91//91 90//90
f 93//93 90//90 87//87
f 94//94 95//95 96//96
f 97//97 98//98 94//94
f 99//99 100//100 97//97
f 101//101 102//102 99//99
f 103//103 104//104 101//101
f 105//105 106//106 103//103
f 107//107 108//108 105//105
f 109//109 110//110 107//107
f 111//111 112//112 109//109
f 113//113 114//114 111//111
f 115//115 116//116 113//113
f 117//117 118//118 115//115
f 119//119 120//120 117//117
f 121//121 122//122 119//119
f 100//100 123//123 116//116
f 96//96 124//124 125//125
f 125//125 123//123 121//121
f 107//107 115//115 125//125
f 126//126 86//86 84//84
f 127//127 128//128 93//93
f 89//89 129//129 127//127
f 130//130 131//131 132//132
f 133//133 134//134 130//130
f 135//135 136//136 133//133
f 137//137 138//138 135//135
f 139//139 140//140 137//137
f 141//141 142//142 139//139
f 143//143 144//144 141//141
f 145//145 146//146 143//143
f 147//147 148//148 145//145
f 149//149 150//150 147//147
f 151//151 152//152 149//149
f 153//153 154//154 151//151
f 155//155 156//156 153//153
f 157//157 158//158 155//155
f 152//152 144//144 136//136
f 132//132 159//159 160//160
f 160//160 161//161 157//157
f 143//143 151//151 160//160
f 126//126 83//83 81//81
f 81//81 85//85 126//126
f 162//162 163//163 164//164
f 165//165 163//163 164//164
f 166//166 163//163 167//167
f 168//168 169//169 170//170
f 168//168 171//171 172//172
f 170//170 171//171 169//169
f 173//173 171//171 172//172
f 174//174 172//172 168//168
f 175//175 176//176 177//177
f 178//178 179//179 175//175
f 180//180 181//181 178//178
f 182//182 183//183 180//180
f 184//184 185//185 182//182
f 186//186 187//187 184//184
f 188//188 189//189 186//186
f 190//190 191//191 188//188
f 192//192 193//193 190//190
f 194//194 195//195 192//192
f 196//196 197//197 194//194
f 198//198 199//199 196//196
f 200//200 201//201 198//198
f 202//202 203//203 200//200
f 181//181 204//204 197//197
f 177//177 205//205 206//206
f 206//206 204//204 202//202
f 188//188 196//196 206//206
f 207//207 167//167 165//165
f 208//208 209//209 174//174
f 170//170 210//210 208//208
f 211//211 212//212 213//213
f 214//214 215//215 211//211
f 216//216 217//217 214//214
f 218//218 219//219 216//216
f 220//220 221//221 218//218
f 222//222 223//223 220//220
f 224//224 225//225 222//222
f 226//226 227//227 224//224
f 228//228 229//229 226//226
f 230//230 231//231 228//228
f 232//232 233//233 230//230
f 234//234 235//235 232//232
f 236//236 237//237 234//234
f 238//238 239//239 236//236
f 233//233 225//225 217//217
f 213//213 240//240 241//241
f 241//241 242//242 238//238
f 228//228 232//232 241//241
f 207//207 164//164 162//162
f 162//162 166//166 207//207
f 243//243 244//244 245//245
f 246//246 244//244 245//245
f 247//247 244//244 248//248
f 249//249 250//250 251//251
f 250//250 252//252 249//249
f 251//251 253//253 250//250
f 254//254 253//253 252//252
f 255//255 252//252 249//249
f 256//256 257//257 258//258
f 259//259 260//260 256//256
f 261//261 262//262 259//259
f 263//263 264//264 261//261
f 265//265 266//266 263//263
f 267//267 268//268 265//265
f 269//269 270//270 267//267
f 271//271 272//272 269//269
f 273//273 274//274 271//271
f 275//275 276//276 273//273
f 277//277 278//278 275//275
f 279//279 280//280 277//277
f 281//281 282//282 279//279
f 283//283 284//284 281//281
f 262//262 285//285 278//278
f 258//258 286//286 287//287
f 287//287 285//285 283//283
f 287//287 261//261 269//269
f 288//288 248//248 246//246
f 289//289 290//290 255//255
f 251//251 291//291 289//289
f 292//292 293//293 294//294
f 295//295 296//296 292//292
f 297//297 298//298 295//295
f 299//299 300//300 297//297
f 301//301 302//302 299//299
f 303//303 304//304 301//301
f 305//305 306//306 303//303
f 307//307 308//308 305//305
f 309//309 310//310 307//307
f 311//311 312//312 309//309
f 313//313 314//314 311//311
f 315//315 316//316 313//313
f 317//317 318//318 315//315
f 319//319 320//320 317//317
f 314//314 306//306 298//298
f 294//294 321//321 322//322
f 322//322 323//323 319//319
f 309//309 313//313 322//322
f 288//288 245//245 243//243
f 243//243 247//247 288//288
f 324//324 325//325 326//326
f 327//327 325//325 326//326
f 328//328 325//325 329//329
f 330//330 331//331 332//332
f 331//331 333//333 330//330
f 332//332 334//334 331//331
f 335//335 334//334 333//333
f 336//336 333//333 330//330
f 337//337 338//338 339//339
f 340//340 341//341 337//337
f 342//342 343//343 340//340
f 344//344 345//345 342//342
f 346//346 347//347 344//344
f 348//348 349//349 346//346
f 350//350 351//351 348//348
f 352//352 353//353 350//350
f 354//354 355//355 352//352
f 356//356 357//357 354//354
f 358//358 359//359 356//356
f 360//360 361//361 358//358
f 362//362 363//363 360//360
f 364//364 365//365 362//362
f 343//343 366//366 359//359
f 339//339 367//367 368//368
f 368//368 366//366 364//364
f 350//350 358//358 368//368
f 369//369 329//329 327//327
f 370//370 371//371 336//336
f 332//332 372//372 370//370
f 373//373 374//374 375//375
f 376//376 377//377 373//373
f 378//378 379//379 376//376
f 380//380 381//381 378//378
f 382//382 383//383 380//380
f 384//384 385//385 382//382
f 386//386 387//387 384//384
f 388//388 389//389 386//386
f 390//390 391//391 388//388
f 392//392 393//393 390//390
f 394//394 395//395 392//392
f 396//396 397//397 394//394
f 398//398 399//399 396//396
f 400//400 401//401 398//398
f 395//395 387//387 379//379
f 375//375 402//402 403//403
f 403//403 404//404 400//400
f 386//386 394//394 403//403
f 369//369 326//326 324//324
f 324//324 328//328 369//369
f 405//405 406//406 407//407
f 408//408 406//406 407//407
f 409//409 406//406 410//410
f 411//411 412//412 413//413
f 412//412 414//414 411//411
f 413//413 415//415 412//412
f 416//416 415//415 414//414
f 417//417 414//414 411//411
f 418//418 419//419 420//420
f 421//421 422//422 418//418
f 423//423 424//424 421//421
f 425//425 426//426 423//423
f 427//427 428//428 425//425
f 429//429 430//430 427//427
f 431//431 432//432 429//429
f 433//433 434//434 431//431
f 435//435 436//436 433//433
f 437//437 438//438 435//435
f 439//439 440//440 437//437
f 441//441 442//442 439//439
f 443//443 444//444 441//441
f 445//445 446//446 443//443
f 424//424 447//447 440//440
f 420//420 448//448 449//449
f 449//449 447//447 445//445
f 431//431 439//439 449//449
f 450//450 410//410 408//408
f 451//451 452//452 417//417
f 413//413 453//453 451//451
f 454//454 455//455 456//456
f 457//457 458//458 454//454
f 459//459 460//460 457//457
f 461//461 462//462 459//459
f 463//463 464//464 461//461
f 465//465 466//466 463//463
f 467//467 468//468 465//465
f 469//469 470//470 467//467
f 471//471 472//472 469//469
f 473//473 474//474 471//471
f 475//475 476//476 473//473
f 477//477 478//478 475//475
f 479//479 480//480 477//477
f 481//481 482//482 479//479
f 476//476 468//468 460//460
f 456//456 483//483 484//484
f 484//484 485//485 481//481
f 471//471 475//475 484//484
f 450//450 407//407 405//405
f 405//405 409//409 450//450
f 486//486 487//487 488//488
f 489//489 487//487 488//488
f 490//490 487//487 491//491
f 492//492 493//493 494//494
f 493//493 495//495 492//492
f 494//494 496//496 493//493
f 497//497 496//496 495//495
f 498//498 495//495 492//492
f 499//499 500//500 501//501
f 502//502 503//503 499//499
f 504//504 505//505 502//502
f 506//506 507//507 504//504
f 508//508 509//509 506//506
f 510//510 511//511 508//508
f 512//512 513//513 510//510
f 514//514 515//515 512//512
f 516//516 517//517 514//514
f 518//518 519//519 516//516
f 520//520 521//521 518//518
f 522//522 523//523 520//520
f 524//524 525//525 522//522
f 526//526 527//527 524//524
f 505//505 528//528 521//521
f 501//501 529//529 530//530
f 530//530 528//528 526//526
f 516//516 520//520 530//530
f 531//531 491//491 489//489
f 532//532 533//533 498//498
f 494//494 534//534 532//532
f 535//535 536//536 537//537
f 538//538 539//539 535//535
f 540//540 541//541 538//538
f 542//542 543//543 540//540
f 544//544 545//545 542//542
f 546//546 547//547 544//544
f 548//548 549//549 546//546
f 550//550 551//551 548//548
f 552//552 553//553 550//550
f 554//554 555//555 552//552
f 556//556 557//557 554//554
f 558//558 559//559 556//556
f 560//560 561//561 558//558
f 562//562 563//563 560//560
f 557//557 549//549 541//541
f 537//537 564//564 565//565
f 565//565 566//566 562//562
f 552//552 556//556 565//565
f 531//531 488//488 486//486
f 486//486 490//490 531//531
f 567//567 568//568 569//569
f 570//570 568//568 569//569
f 571//571 568//568 572//572
f 573//573 574//574 575//575
f 574//574 576//576 573//573
f 575//575 577//577 574//574
f 578//578 577//577 576//576
f 579//579 576//576 573//573
f 580//580 581//581 582//582
f 583//583 584//584 580//580
f 585//585 586//586 583//583
f 587//587 588//588 585//585
f 589//589 590//590 587//587
f 591//591 592//592 589//589
f 593//593 594//594 591//591
f 595//595 596//596 593//593
f 597//597 598//598 595//595
f 599//599 600//600 597//597
f 601//601 602//602 599//599
f 603//603 604//604 601//601
f 605//605 606//606 603//603
f 607//607 608//608 605//605
f 586//586 609//609 602//602
f 582//582 610//610 611//611
f 611//611 609//609 607//607
f 597//597 601//601 611//611
f 612//612 572//572 570//570
f 613//613 614//614 579//579
f 575//575 615//615 613//613
f 616//616 617//617 618//618
f 619//619 620//620 616//616
f 621//621 622//622 619//619
f 623//623 624//624 621//621
f 625//625 626//626 623//623
f 627//627 628//628 625//625
f 629//629 630//630 627//627
f 631//631 632//632 629//629
f 633//633 634//634 631//631
f 635//635 636//636 633//633
f 637//637 638//638 635//635
f 639//639 640//640 637//637
f 641//641 642//642 639//639
f 643//643 644//644 641//641
f 638//638 630//630 622//622
f 618//618 645//645 646//646
f 646//646 647//647 643//643
f 633//633 637//637 646//646
f 612//612 569//569 567//567
f 567//567 571//571 612//612
f 648//648 649//649 650//650
f 651//651 649//649 650//650
f 652//652 649//649 653//653
f 654//654 655//655 656//656
f 655//655 657//657 654//654
f 656//656 658//658 655//655
f 659//659 658//658 657//657
f 660//660 657//657 654//654
f 661//661 662//662 663//663
f 664//664 665//665 661//661
f 666//666 667//667 664//664
f 668//668 669//669 666//666
f 670//670 671//671 668//668
f 672//672 673//673 670//670
f 674//674 675//675 672//672
f 676//676 677//677 674//674
f 678//678 679//679 676//676
f 680//680 681//681 678//678
f 682//682 683//683 680//680
f 684//684 685//685 682//682
f 686//686 687//687 684//684
f 688//688 689//689 686//686
f 667//667 690//690 683//683
f 663//663 691//691 692//692
f 692//692 690//690 688//688
f 678//678 682//682 692//692
f 693//693 653//653 651//651
f 694//694 695//695 660//660
f 656//656 696//696 694//694
f 697//697 698//698 699//699
f 700//700 701//701 697//697
f 702//702 703//703 700//700
f 704//704 705//705 702//702
f 706//706 707//707 704//704
f 708//708 709//709 706//706
f 710//710 711//711 708//708
f 712//712 713//713 710//710
f 714//714 715//715 712//712
f 716//716 717//717 714//714
f 718//718 719//719 716//716
f 720//720 721//721 718//718
f 722//722 723//723 720//720
f 724//724 725//725 722//722
f 719//719 711//711 703//703
f 699//699 726//726 727//727
f 727//727 728//728 724//724
f 714//714 718//718 727//727
f 693//693 650//650 648//648
f 648//648 652//652 693//693
f 729//729 730//730 731//731
f 732//732 730//730 731//731
f 733//733 730//730 734//734
f 735//735 736//736 737//737
f 736//736 738//738 735//735
f 737//737 739//739 736//736
f 740//740 739//739 738//738
f 741//741 738//738 735//735
f 742//742 743//743 744//744
f 745//745 746//746 742//742
f 747//747 748//748 745//745
f 749//749 750//750 747//747
f 751//751 752//752 749//749
f 753//753 754//754 751//751
f 755//755 756//756 753//753
f 757//757 758//758 755//755
f 759//759 760//760 757//757
f 761//761 762//762 759//759
f 763//763 764//764 761//761
f 765//765 766//766 763//763
f 767//767 768//768 765//765
f 769//769 770//770 767//767
f 748//748 771//771 764//764
f 744//744 772//772 773//773
f 773//773 771//771 769//769
f 759//759 763//763 773//773
f 774//774 734//734 732//732
f 775//775 776//776 741//741
f 737//737 777//777 775//775
f 778//778 779//779 780//780
f 781//781 782//782 778//778
f 783//783 784//784 781//781
f 785//785 786//786 783//783
f 787//787 788//788 785//785
f 789//789 790//790 787//787
f 791//791 792//792 789//789
f 793//793 794//794 791//791
f 795//795 796//796 793//793
f 797//797 798//798 795//795
f 799//799 800//800 797//797
f 801//801 802//802 799//799
f 803//803 804//804 801//801
f 805//805 806//806 803//803
f 800//800 792//792 784//784
f 780//780 807//807 808//808
f 808//808 809//809 805//805
f 795//795 799//799 808//808
f 774//774 731//731 729//729
f 729//729 733//733 774//774
f 810//810 811//811 812//812
f 813//813 811//811 812//812
f 814//814 811//811 815//815
f 816//816 817//817 818//818
f 817//817 819//819 816//816
f 818//818 820//820 817//817
f 821//821 820//820 819//819
f 822//822 819//819 816//816
f 823//823 824//824 825//825
f 826//826 827//827 823//823
f 828//828 829//829 826//826
f 830//830 831//831 828//828
f 832//832 833//833 830//830
f 834//834 835//835 832//832
f 836//836 837//837 834//834
f 838//838 839//839 836//836
f 840//840 841//841 838//838
f 842//842 843//843 840//840
f 844//844 845//845 842//842
f 846//846 847//847 844//844
f 848//848 849//849 846//846
f 850//850 851//851 848//848
f 829//829 852//852 845//845
f 825//825 853//853 854//854
f 854//854 852//852 850//850
f 840//840 844//844 854//854
f 855//855 815//815 813//813
f 856//856 857//857 822//822
f 818//818 858//858 856//856
f 859//859 860//860 861//861
f 862//862 863//863 859//859
f 864//864 865//865 862//862
f 866//866 867//867 864//864
f 868//868 869//869 866//866
f 870//870 871//871 868//868
f 872//872 873//873 870//870
f 874//874 875//875 872//872
f 876//876 877//877 874//874
f 878//878 879//879 876//876
f 880//880 881//881 878//878
f 882//882 883//883 880//880
f 884//884 885//885 882//882
f 886//886 887//887 884//884
f 881//881 873//873 865//865
f 861//861 888//888 889//889
f 889//889 890//890 886//886
f 876//876 880//880 889//889
f 855//855 812//812 810//810
f 810//810 814//814 855//855
f 891//891 892//892 893//893
f 894//894 892//892 893//893
f 895//895 892//892 896//896
f 897//897 898//898 899//899
f 898//898 900//900 897//897
f 899//899 901//901 898//898
f 902//902 901//901 900//900
f 903//903 900//900 897//897
f 904//904 905//905 906//906
f 907//907 908//908 904//904
f 909//909 910//910 907//907
f 911//911 912//912 909//909
f 913//913 914//914 911//911
f 915//915 916//916 913//913
f 917//917 918//918 915//915
f 919//919 920//920 917//917
f 921//921 922//922 919//919
f 923//923 924//924 921//921
f 925//925 926//926 923//923
f 927//927 928//928 925//925
f 929//929 930//930 927//927
f 931//931 932//932 929//929
f 910//910 933//933 926//926
f 906//906 934//934 935//935
f 935//935 933//933 931//931
f 909//909 917//917 925//925
f 936//936 896//896 894//894
f 937//937 938//938 903//903
f 899//899 939//939 937//937
f 940//940 941//941 942//942
f 943//943 944//944 940//940
f 945//945 946//946 943//943
f 947//947 948//948 945//945
f 949//949 950//950 947//947
f 951//951 952//952 949//949
f 953//953 954//954 951//951
f 955//955 956//956 953//953
f 957//957 958//958 955//955
f 959//959 960//960 957//957
f 961//961 962//962 959//959
f 963//963 964//964 961//961
f 965//965 966//966 963//963
f 967//967 968//968 965//965
f 962//962 954//954 946//946
f 942//942 969//969 970//970
f 970//970 971//971 967//967
f 953//953 961//961 970//970
f 936//936 893//893 891//891
f 891//891 895//895 936//936
f 972//972 973//973 974//974
f 975//975 973//973 974//974
f 976//976 973//973 977//977
f 978//978 979//979 980//980
f 979//979 981//981 978//978
f 980//980 982//982 979//979
f 983//983 982//982 981//981
f 984//984 981//981 978//978
f 985//985 986//986 987//987
f 988//988 989//989 985//985
f 990//990 991//991 988//988
f 992//992 993//993 990//990
f 994//994 995//995 992//992
f 996//996 997//997 994//994
f 998//998 999//999 996//996
f 1000//1000 1001//1001 998//998
f 1002//1002 1003//1003 1000//1000
f 1004//1004 1005//1005 1002//1002
f 1006//1006 1007//1007 1004//1004
f 1008//1008 1009//1009 1006//1006
f 1010//1010 1011//1011 1008//1008
f 1012//1012 1013//1013 1010//1010
f 991//991 1014//1014 1007//1007
f 987//987 1015//1015 1016//1016
f 1016//1016 1014//1014 1012//1012
f 998//998 1006//1006 1016//1016
f 1017//1017 977//977 975//975
f 1018//1018 1019//1019 984//984
f 980//980 1020//1020 1018//1018
f 1021//1021 1022//1022 1023//1023
f 1024//1024 1025//1025 1021//1021
f 1026//1026 1027//1027 1024//1024
f 1028//1028 1029//1029 1026//1026
f 1030//1030 1031//1031 1028//1028
f 1032//1032 1033//1033 1030//1030
f 1034//1034 1035//1035 1032//1032
f 1036//1036 1037//1037 1034//1034
f 1038//1038 1039//1039 1036//1036
f 1040//1040 1041//1041 1038//1038
f 1042//1042 1043//1043 1040//1040
f 1044//1044 1045//1045 1042//1042
f 1046//1046 1047//1047 1044//1044
f 1048//1048 1049//1049 1046//1046
f 1043//1043 1035//1035 1027//1027
f 1023//1023 1050//1050 1051//1051
f 1051//1051 1052//1052 1048//1048
f 1034//1034 1042//1042 1051//1051
f 1017//1017 974//974 972//972
f 972//972 976//976 1017//1017
f 1053//1053 1054//1054 1055//1055
f 1056//1056 1054//1054 1055//1055
f 1057//1057 1054//1054 1058//1058
f 1059//1059 1060//1060 1061//1061
f 1060//1060 1062//1062 1059//1059
f 1061//1061 1063//1063 1060//1060
f 1064//1064 1063//1063 1062//1062
f 1065//1065 1062//1062 1059//1059
f 1066//1066 1067//1067 1068//1068
f 1069//1069 1070//1070 1066//1066
f 1071//1071 1072//1072 1069//1069
f 1073//1073 1074//1074 1071//1071
f 1075//1075 1076//1076 1073//1073
f 1077//1077 1078//1078 1075//1075
f 1079//1079 1080//1080 1077//1077
f 1081//1081 1082//1082 1079//1079
f 1083//1083 1084//1084 1081//1081
f 1085//1085 1086//1086 1083//1083
f 1087//1087 1088//1088 1085//1085
f 1089//1089 1090//1090 1087//1087
f 1091//1091 1092//1092 1089//1089
f 1093//1093 1094//1094 1091//1091
f 1072//1072 1095//1095 1088//1088
f 1068//1068 1096//1096 1097//1097
f 1097//1097 1095//1095 1093//1093
f 1079//1079 1087//1087 1097//1097
f 1098//1098 1058//1058 1056//1056
f 1099//1099 1100//1100 1065//1065
f 1061//1061 1101//1101 1099//1099
f 1102//1102 1103//1103 1104//1104
f 1105//1105 1106//1106 1102//1102
f 1107//1107 1108//1108 1105//1105
f 1109//1109 1110//1110 1107//1107
f 1111//1111 1112//1112 1109//1109
f 1113//1113 1114//1114 1111//1111
f 1115//1115 1116//1116 1113//1113
f 1117//1117 1118//1118 1115//1115
f 1119//1119 1120//1120 1117//1117
f 1121//1121 1122//1122 1119//1119
f 1123//1123 1124//1124 1121//1121
f 1125//1125 1126//1126 1123//1123
f 1127//1127 1128//1128 1125//1125
f 1129//1129 1130//1130 1127//1127
f 1124//1124 1116//1116 1108//1108
f 1104//1104 1131//1131 1132//1132
f 1132//1132 1133//1133 1129//1129
f 1115//1115 1123//1123 1132//1132
f 1098//1098 1055//1055 1053//1053
f 1053//1053 1057//1057 1098//1098
f 1134//1134 1135//1135 1136//1136
f 1137//1137 1135//1135 1136//1136
f 1138//1138 1135//1135 1139//1139
f 1140//1140 1141//1141 1142//1142
f 1141//1141 1143//1143 1140//1140
f 1142//1142 1144//1144 1141//1141
f 1145//1145 1144//1144 1143//1143
f 1146//1146 1143//1143 1140//1140
f 1147//1147 1148//1148 1149//1149
f 1150//1150 1151//1151 1147//1147
f 1152//1152 1153//1153 1150//1150
f 1154//1154 1155//1155 1152//1152
f 1156//1156 1157//1157 1154//1154
f 1158//1158 1159//1159 1156//1156
f 1160//1160 1161//1161 1158//1158
f 1162//1162 1163//1163 1160//1160
f 1164//1164 1165//1165 1162//1162
f 1166//1166 1167//1167 1164//1164
f 1168//1168 1169//1169 1166//1166
f 1170//1170 1171//1171 1168//1168
f 1172//1172 1173//1173 1170//1170
f 1174//1174 1175//1175 1172//1172
f 1153//1153 1176//1176 1169//1169
f 1149//1149 1177//1177 1178//1178
f 1178//1178 1176//1176 1174//1174
f 1160//1160 1168//1168 1178//1178
f 1179//1179 1139//1139 1137//1137
f 1180//1180 1181//1181 1146//1146
f 1142//1142 1182//1182 1180//1180
f 1183//1183 1184//1184 1185//1185
f 1186//1186 1187//1187 1183//1183
f 1188//1188 1189//1189 1186//1186
f 1190//1190 1191//1191 1188//1188
f 1192//1192 1193//1193 1190//1190
f 1194//1194 1195//1195 1192//1192
f 1196//1196 1197//1197 1194//1194
f 1198//1198 1199//1199 1196//1196
f 1200//1200 1201//1201 1198//1198
f 1202//1202 1203//1203 1200//1200
f 1204//1204 1205//1205 1202//1202
f 1206//1206 1207//1207 1204//1204
f 1208//1208 1209//1209 1206//1206
f 1210//1210 1211//1211 1208//1208
f 1205//1205 1197//1197 1189//1189
f 1185//1185 1212//1212 1213//1213
f 1213//1213 1214//1214 1210//1210
f 1196//1196 1204//1204 1213//1213
f 1179//1179 1136//1136 1134//1134
f 1134//1134 1138//1138 1179//1179
f 81//81 1215//1215 82//82
f 84//84 86//86 82//82
f 85//85 1215//1215 82//82
f 89//89 127//127 93//93
f 93//93 87//87 89//89
f 88//88 91//91 90//90
f 89//89 92//92 91//91
f 90//90 128//128 92//92
f 128//128 129//129 92//92
f 93//93 128//128 90//90
f 94//94 98//98 95//95
f 97//97 100//100 98//98
f 99//99 102//102 100//100
f 101//101 104//104 102//102
f 103//103 106//106 104//104
f 105//105 108//108 106//106
f 107//107 110//110 108//108
f 109//109 112//112 110//110
f 111//111 114//114 112//112
f 113//113 116//116 114//114
f 115//115 118//118 116//116
f 117//117 120//120 118//118
f 119//119 122//122 120//120
f 121//121 123//123 122//122
f 100//100 98//98 123//123
f 98//98 95//95 123//123
f 95//95 124//124 123//123
f 123//123 122//122 120//120
f 120//120 118//118 116//116
f 116//116 114//114 112//112
f 112//112 110//110 116//116
f 110//110 108//108 116//116
f 108//108 106//106 104//104
f 104//104 102//102 100//100
f 123//123 120//120 116//116
f 108//108 104//104 116//116
f 104//104 100//100 116//116
f 96//96 95//95 124//124
f 125//125 124//124 123//123
f 125//125 96//96 94//94
f 94//94 97//97 125//125
f 97//97 99//99 125//125
f 99//99 101//101 103//103
f 103//103 105//105 107//107
f 107//107 109//109 111//111
f 111//111 113//113 107//107
f 113//113 115//115 107//107
f 115//115 117//117 119//119
f 119//119 121//121 115//115
f 121//121 125//125 115//115
f 99//99 103//103 125//125
f 103//103 107//107 125//125
f 126//126 85//85 86//86
f 127//127 129//129 128//128
f 89//89 92//92 129//129
f 130//130 134//134 131//131
f 133//133 136//136 134//134
f 135//135 138//138 136//136
f 137//137 140//140 138//138
f 139//139 142//142 140//140
f 141//141 144//144 142//142
f 143//143 146//146 144//144
f 145//145 148//148 146//146
f 147//147 150//150 148//148
f 149//149 152//152 150//150
f 151//151 154//154 152//152
f 153//153 156//156 154//154
f 155//155 158//158 156//156
f 157//157 161//161 158//158
f 136//136 134//134 131//131
f 131//131 159//159 136//136
f 159//159 161//161 136//136
f 161//161 158//158 156//156
f 156//156 154//154 152//152
f 152//152 150//150 148//148
f 148//148 146//146 152//152
f 146//146 144//144 152//152
f 144//144 142//142 140//140
f 140//140 138//138 136//136
f 161//161 156//156 152//152
f 144//144 140//140 136//136
f 136//136 161//161 152//152
f 132//132 131//131 159//159
f 160//160 159//159 161//161
f 160//160 132//132 130//130
f 130//130 133//133 135//135
f 135//135 137//137 143//143
f 137//137 139//139 143//143
f 139//139 141//141 143//143
f 143//143 145//145 147//147
f 147//147 149//149 143//143
f 149//149 151//151 143//143
f 151//151 153//153 155//155
f 155//155 157//157 151//151
f 157//157 160//160 151//151
f 160//160 130//130 143//143
f 130//130 135//135 143//143
f 126//126 84//84 83//83
f 81//81 1215//1215 85//85
f 162//162 1216//1216 163//163
f 165//165 167//167 163//163
f 166//166 1216//1216 163//163
f 170//170 208//208 174//174
f 174//174 168//168 170//170
f 168//168 169//169 171//171
f 170//170 173//173 171//171
f 172//172 209//209 173//173
f 209//209 210//210 173//173
f 174//174 209//209 172//172
f 175//175 179//179 176//176
f 178//178 181//181 179//179
f 180//180 183//183 181//181
f 182//182 185//185 183//183
f 184//184 187//187 185//185
f 186//186 189//189 187//187
f 188//188 191//191 189//189
f 190//190 193//193 191//191
f 192//192 195//195 193//193
f 194//194 197//197 195//195
f 196//196 199//199 197//197
f 198//198 201//201 199//199
f 200//200 203//203 201//201
f 202//202 204//204 203//203
f 181//181 179//179 204//204
f 179//179 176//176 204//204
f 176//176 205//205 204//204
f 204//204 203//203 201//201
f 201//201 199//199 197//197
f 197//197 195//195 193//193
f 193//193 191//191 197//197
f 191//191 189//189 197//197
f 189//189 187//187 185//185
f 185//185 183//183 181//181
f 204//204 201//201 197//197
f 189//189 185//185 197//197
f 185//185 181//181 197//197
f 177//177 176//176 205//205
f 206//206 205//205 204//204
f 206//206 177//177 175//175
f 175//175 178//178 180//180
f 180//180 182//182 184//184
f 184//184 186//186 188//188
f 188//188 190//190 192//192
f 192//192 194//194 188//188
f 194//194 196//196 188//188
f 196//196 198//198 206//206
f 198//198 200//200 206//206
f 200//200 202//202 206//206
f 206//206 175//175 180//180
f 180//180 184//184 206//206
f 184//184 188//188 206//206
f 207//207 166//166 167//167
f 208//208 210//210 209//209
f 170//170 173//173 210//210
f 211//211 215//215 212//212
f 214//214 217//217 215//215
f 216//216 219//219 217//217
f 218//218 221//221 219//219
f 220//220 223//223 221//221
f 222//222 225//225 223//223
f 224//224 227//227 225//225
f 226//226 229//229 227//227
f 228//228 231//231 229//229
f 230//230 233//233 231//231
f 232//232 235//235 233//233
f 234//234 237//237 235//235
f 236//236 239//239 237//237
f 238//238 242//242 239//239
f 217//217 215//215 212//212
f 212//212 240//240 217//217
f 240//240 242//242 217//217
f 242//242 239//239 237//237
f 237//237 235//235 233//233
f 233//233 231//231 229//229
f 229//229 227//227 233//233
f 227//227 225//225 233//233
f 225//225 223//223 221//221
f 221//221 219//219 217//217
f 242//242 237//237 233//233
f 225//225 221//221 217//217
f 217//217 242//242 233//233
f 213//213 212//212 240//240
f 241//241 240//240 242//242
f 241//241 213//213 211//211
f 211//211 214//214 216//216
f 216//216 218//218 224//224
f 218//218 220//220 224//224
f 220//220 222//222 224//224
f 224//224 226//226 228//228
f 228//228 230//230 232//232
f 232//232 234//234 241//241
f 234//234 236//236 241//241
f 236//236 238//238 241//241
f 241//241 211//211 224//224
f 211//211 216//216 224//224
f 224//224 228//228 241//241
f 207//207 165//165 164//164
f 162//162 1216//1216 166//166
f 243//243 1217//1217 244//244
f 246//246 248//248 244//244
f 247//247 1217//1217 244//244
f 251//251 289//289 255//255
f 255//255 249//249 251//251
f 250//250 253//253 252//252
f 251//251 254//254 253//253
f 252//252 290//290 254//254
f 290//290 291//291 254//254
f 255//255 290//290 252//252
f 256//256 260//260 257//257
f 259//259 262//262 260//260
f 261//261 264//264 262//262
f 263//263 266//266 264//264
f 265//265 268//268 266//266
f 267//267 270//270 268//268
f 269//269 272//272 270//270
f 271//271 274//274 272//272
f 273//273 276//276 274//274
f 275//275 278//278 276//276
f 277//277 280//280 278//278
f 279//279 282//282 280//280
f 281//281 284//284 282//282
f 283//283 285//285 284//284
f 262//262 260//260 285//285
f 260//260 257//257 285//285
f 257//257 286//286 285//285
f 285//285 284//284 282//282
f 282//282 280//280 278//278
f 278//278 276//276 274//274
f 274//274 272//272 278//278
f 272//272 270//270 278//278
f 270//270 268//268 266//266
f 266//266 264//264 262//262
f 285//285 282//282 278//278
f 270//270 266//266 278//278
f 266//266 262//262 278//278
f 258//258 257//257 286//286
f 287//287 286//286 285//285
f 287//287 258//258 256//256
f 256//256 259//259 261//261
f 261//261 263//263 265//265
f 265//265 267//267 269//269
f 269//269 271//271 273//273
f 273//273 275//275 277//277
f 277//277 279//279 287//287
f 279//279 281//281 287//287
f 281//281 283//283 287//287
f 287//287 256//256 261//261
f 261//261 265//265 269//269
f 269//269 273//273 287//287
f 273//273 277//277 287//287
f 288//288 247//247 248//248
f 289//289 291//291 290//290
f 251//251 254//254 291//291
f 292//292 296//296 293//293
f 295//295 298//298 296//296
f 297//297 300//300 298//298
f 299//299 302//302 300//300
f 301//301 304//304 302//302
f 303//303 306//306 304//304
f 305//305 308//308 306//306
f 307//307 310//310 308//308
f 309//309 312//312 310//310
f 311//311 314//314 312//312
f 313//313 316//316 314//314
f 315//315 318//318 316//316
f 317//317 320//320 318//318
f 319//319 323//323 320//320
f 298//298 296//296 323//323
f 296//296 293//293 323//323
f 293//293 321//321 323//323
f 323//323 320//320 318//318
f 318//318 316//316 314//314
f 314//314 312//312 310//310
f 310//310 308//308 314//314
f 308//308 306//306 314//314
f 306//306 304//304 302//302
f 302//302 300//300 298//298
f 323//323 318//318 314//314
f 306//306 302//302 298//298
f 298//298 323//323 314//314
f 294//294 293//293 321//321
f 322//322 321//321 323//323
f 322//322 294//294 292//292
f 292//292 295//295 297//297
f 297//297 299//299 305//305
f 299//299 301//301 305//305
f 301//301 303//303 305//305
f 305//305 307//307 309//309
f 309//309 311//311 313//313
f 313//313 315//315 322//322
f 315//315 317//317 322//322
f 317//317 319//319 322//322
f 322//322 292//292 305//305
f 292//292 297//297 305//305
f 305//305 309//309 322//322
f 288//288 246//246 245//245
f 243//243 1217//1217 247//247
f 324//324 1218//1218 325//325
f 327//327 329//329 325//325
f 328//328 1218//1218 325//325
f 332//332 370//370 336//336
f 336//336 330//330 332//332
f 331//331 334//334 333//333
f 332//332 335//335 334//334
f 333//333 371//371 335//335
f 371//371 372//372 335//335
f 336//336 371//371 333//333
f 337//337 341//341 338//338
f 340//340 343//343 341//341
f 342//342 345//345 343//343
f 344//344 347//347 345//345
f 346//346 349//349 347//347
f 348//348 351//351 349//349
f 350//350 353//353 351//351
f 352//352 355//355 353//353
f 354//354 357//357 355//355
f 356//356 359//359 357//357
f 358//358 361//361 359//359
f 360//360 363//363 361//361
f 362//362 365//365 363//363
f 364//364 366//366 365//365
f 343//343 341//341 366//366
f 341//341 338//338 366//366
f 338//338 367//367 366//366
f 366//366 365//365 363//363
f 363//363 361//361 359//359
f 359//359 357//357 355//355
f 355//355 353//353 359//359
f 353//353 351//351 359//359
f 351//351 349//349 347//347
f 347//347 345//345 343//343
f 366//366 363//363 359//359
f 351//351 347//347 359//359
f 347//347 343//343 359//359
f 339//339 338//338 367//367
f 368//368 367//367 366//366
f 368//368 339//339 337//337
f 337//337 340//340 368//368
f 340//340 342//342 368//368
f 342//342 344//344 346//346
f 346//346 348//348 350//350
f 350//350 352//352 354//354
f 354//354 356//356 350//350
f 356//356 358//358 350//350
f 358//358 360//360 362//362
f 362//362 364//364 358//358
f 364//364 368//368 358//358
f 342//342 346//346 368//368
f 346//346 350//350 368//368
f 369//369 328//328 329//329
f 370//370 372//372 371//371
f 332//332 335//335 372//372
f 373//373 377//377 374//374
f 376//376 379//379 377//377
f 378//378 381//381 379//379
f 380//380 383//383 381//381
f 382//382 385//385 383//383
f 384//384 387//387 385//385
f 386//386 389//389 387//387
f 388//388 391//391 389//389
f 390//390 393//393 391//391
f 392//392 395//395 393//393
f 394//394 397//397 395//395
f 396//396 399//399 397//397
f 398//398 401//401 399//399
f 400//400 404//404 401//401
f 379//379 377//377 374//374
f 374//374 402//402 379//379
f 402//402 404//404 379//379
f 404//404 401//401 399//399
f 399//399 397//397 395//395
f 395//395 393//393 391//391
f 391//391 389//389 395//395
f 389//389 387//387 395//395
f 387//387 385//385 383//383
f 383//383 381//381 379//379
f 404//404 399//399 395//395
f 387//387 383//383 379//379
f 379//379 404//404 395//395
f 375//375 374//374 402//402
f 403//403 402//402 404//404
f 403//403 375//375 373//373
f 373//373 376//376 378//378
f 378//378 380//380 386//386
f 380//380 382//382 386//386
f 382//382 384//384 386//386
f 386//386 388//388 390//390
f 390//390 392//392 386//386
f 392//392 394//394 386//386
f 394//394 396//396 398//398
f 398//398 400//400 394//394
f 400//400 403//403 394//394
f 403//403 373//373 386//386
f 373//373 378//378 386//386
f 369//369 327//327 326//326
f 324//324 1218//1218 328//328
f 405//405 1219//1219 406//406
f 408//408 410//410 406//406
f 409//409 1219//1219 406//406
f 413//413 451//451 417//417
f 417//417 411//411 413//413
f 412//412 415//415 414//414
f 413//413 416//416 415//415
f 414//414 452//452 416//416
f 452//452 453//453 416//416
f 417//417 452//452 414//414
f 418//418 422//422 419//419
f 421//421 424//424 422//422
f 423//423 426//426 424//424
f 425//425 428//428 426//426
f 427//427 430//430 428//428
f 429//429 432//432 430//430
f 431//431 434//434 432//432
f 433//433 436//436 434//434
f 435//435 438//438 436//436
f 437//437 440//440 438//438
f 439//439 442//442 440//440
f 441//441 444//444 442//442
f 443//443 446//446 444//444
f 445//445 447//447 446//446
f 424//424 422//422 447//447
f 422//422 419//419 447//447
f 419//419 448//448 447//447
f 447//447 446//446 444//444
f 444//444 442//442 440//440
f 440//440 438//438 436//436
f 436//436 434//434 440//440
f 434//434 432//432 440//440
f 432//432 430//430 428//428
f 428//428 426//426 424//424
f 447//447 444//444 440//440
f 432//432 428//428 440//440
f 428//428 424//424 440//440
f 420//420 419//419 448//448
f 449//449 448//448 447//447
f 449//449 420//420 418//418
f 418//418 421//421 449//449
f 421//421 423//423 449//449
f 423//423 425//425 427//427
f 427//427 429//429 431//431
f 431//431 433//433 435//435
f 435//435 437//437 431//431
f 437//437 439//439 431//431
f 439//439 441//441 443//443
f 443//443 445//445 439//439
f 445//445 449//449 439//439
f 423//423 427//427 449//449
f 427//427 431//431 449//449
f 450//450 409//409 410//410
f 451//451 453//453 452//452
f 413//413 416//416 453//453
f 454//454 458//458 455//455
f 457//457 460//460 458//458
f 459//459 462//462 460//460
f 461//461 464//464 462//462
f 463//463 466//466 464//464
f 465//465 468//468 466//466
f 467//467 470//470 468//468
f 469//469 472//472 470//470
f 471//471 474//474 472//472
f 473//473 476//476 474//474
f 475//475 478//478 476//476
f 477//477 480//480 478//478
f 479//479 482//482 480//480
f 481//481 485//485 482//482
f 460//460 458//458 455//455
f 455//455 483//483 460//460
f 483//483 485//485 460//460
f 485//485 482//482 480//480
f 480//480 478//478 476//476
f 476//476 474//474 472//472
f 472//472 470//470 476//476
f 470//470 468//468 476//476
f 468//468 466//466 464//464
f 464//464 462//462 460//460
f 485//485 480//480 476//476
f 468//468 464//464 460//460
f 460//460 485//485 476//476
f 456//456 455//455 483//483
f 484//484 483//483 485//485
f 484//484 456//456 454//454
f 454//454 457//457 459//459
f 459//459 461//461 467//467
f 461//461 463//463 467//467
f 463//463 465//465 467//467
f 467//467 469//469 471//471
f 471//471 473//473 475//475
f 475//475 477//477 484//484
f 477//477 479//479 484//484
f 479//479 481//481 484//484
f 484//484 454//454 467//467
f 454//454 459//459 467//467
f 467//467 471//471 484//484
f 450//450 408//408 407//407
f 405//405 1219//1219 409//409
f 486//486 1220//1220 487//487
f 489//489 491//491 487//487
f 490//490 1220//1220 487//487
f 494//494 532//532 498//498
f 498//498 492//492 494//494
f 493//493 496//496 495//495
f 494//494 497//497 496//496
f 495//495 533//533 497//497
f 533//533 534//534 497//497
f 498//498 533//533 495//495
f 499//499 503//503 500//500
f 502//502 505//505 503//503
f 504//504 507//507 505//505
f 506//506 509//509 507//507
f 508//508 511//511 509//509
f 510//510 513//513 511//511
f 512//512 515//515 513//513
f 514//514 517//517 515//515
f 516//516 519//519 517//517
f 518//518 521//521 519//519
f 520//520 523//523 521//521
f 522//522 525//525 523//523
f 524//524 527//527 525//525
f 526//526 528//528 527//527
f 505//505 503//503 528//528
f 503//503 500//500 528//528
f 500//500 529//529 528//528
f 528//528 527//527 525//525
f 525//525 523//523 521//521
f 521//521 519//519 517//517
f 517//517 515//515 521//521
f 515//515 513//513 521//521
f 513//513 511//511 509//509
f 509//509 507//507 505//505
f 528//528 525//525 521//521
f 513//513 509//509 521//521
f 509//509 505//505 521//521
f 501//501 500//500 529//529
f 530//530 529//529 528//528
f 530//530 501//501 499//499
f 499//499 502//502 504//504
f 504//504 506//506 508//508
f 508//508 510//510 512//512
f 512//512 514//514 516//516
f 516//516 518//518 520//520
f 520//520 522//522 530//530
f 522//522 524//524 530//530
f 524//524 526//526 530//530
f 530//530 499//499 512//512
f 499//499 504//504 512//512
f 504//504 508//508 512//512
f 512//512 516//516 530//530
f 531//531 490//490 491//491
f 532//532 534//534 533//533
f 494//494 497//497 534//534
f 535//535 539//539 536//536
f 538//538 541//541 539//539
f 540//540 543//543 541//541
f 542//542 545//545 543//543
f 544//544 547//547 545//545
f 546//546 549//549 547//547
f 548//548 551//551 549//549
f 550//550 553//553 551//551
f 552//552 555//555 553//553
f 554//554 557//557 555//555
f 556//556 559//559 557//557
f 558//558 561//561 559//559
f 560//560 563//563 561//561
f 562//562 566//566 563//563
f 541//541 539//539 536//536
f 536//536 564//564 541//541
f 564//564 566//566 541//541
f 566//566 563//563 561//561
f 561//561 559//559 557//557
f 557//557 555//555 553//553
f 553//553 551//551 557//557
f 551//551 549//549 557//557
f 549//549 547//547 545//545
f 545//545 543//543 541//541
f 566//566 561//561 557//557
f 549//549 545//545 541//541
f 541//541 566//566 557//557
f 537//537 536//536 564//564
f 565//565 564//564 566//566
f 565//565 537//537 535//535
f 535//535 538//538 540//540
f 540//540 542//542 548//548
f 542//542 544//544 548//548
f 544//544 546//546 548//548
f 548//548 550//550 552//552
f 552//552 554//554 556//556
f 556//556 558//558 565//565
f 558//558 560//560 565//565
f 560//560 562//562 565//565
f 565//565 535//535 548//548
f 535//535 540//540 548//548
f 548//548 552//552 565//565
f 531//531 489//489 488//488
f 486//486 1220//1220 490//490
f 567//567 1221//1221 568//568
f 570//570 572//572 568//568
f 571//571 1221//1221 568//568
f 575//575 613//613 579//579
f 579//579 573//573 575//575
f 574//574 577//577 576//576
f 575//575 578//578 577//577
f 576//576 614//614 578//578
f 614//614 615//615 578//578
f 579//579 614//614 576//576
f 580//580 584//584 581//581
f 583//583 586//586 584//584
f 585//585 588//588 586//586
f 587//587 590//590 588//588
f 589//589 592//592 590//590
f 591//591 594//594 592//592
f 593//593 596//596 594//594
f 595//595 598//598 596//596
f 597//597 600//600 598//598
f 599//599 602//602 600//600
f 601//601 604//604 602//602
f 603//603 606//606 604//604
f 605//605 608//608 606//606
f 607//607 609//609 608//608
f 586//586 584//584 609//609
f 584//584 581//581 609//609
f 581//581 610//610 609//609
f 609//609 608//608 606//606
f 606//606 604//604 602//602
f 602//602 600//600 598//598
f 598//598 596//596 602//602
f 596//596 594//594 602//602
f 594//594 592//592 590//590
f 590//590 588//588 586//586
f 609//609 606//606 602//602
f 594//594 590//590 602//602
f 590//590 586//586 602//602
f 582//582 581//581 610//610
f 611//611 610//610 609//609
f 611//611 582//582 580//580
f 580//580 583//583 585//585
f 585//585 587//587 589//589
f 589//589 591//591 593//593
f 593//593 595//595 597//597
f 597//597 599//599 601//601
f 601//601 603//603 611//611
f 603//603 605//605 611//611
f 605//605 607//607 611//611
f 611//611 580//580 593//593
f 580//580 585//585 593//593
f 585//585 589//589 593//593
f 593//593 597//597 611//611
f 612//612 571//571 572//572
f 613//613 615//615 614//614
f 575//575 578//578 615//615
f 616//616 620//620 617//617
f 619//619 622//622 620//620
f 621//621 624//624 622//622
f 623//623 626//626 624//624
f 625//625 628//628 626//626
f 627//627 630//630 628//628
f 629//629 632//632 630//630
f 631//631 634//634 632//632
f 633//633 636//636 634//634
f 635//635 638//638 636//636
f 637//637 640//640 638//638
f 639//639 642//642 640//640
f 641//641 644//644 642//642
f 643//643 647//647 644//644
f 622//622 620//620 617//617
f 617//617 645//645 622//622
f 645//645 647//647 622//622
f 647//647 644//644 642//642
f 642//642 640//640 638//638
f 638//638 636//636 634//634
f 634//634 632//632 638//638
f 632//632 630//630 638//638
f 630//630 628//628 626//626
f 626//626 624//624 622//622
f 647//647 642//642 638//638
f 630//630 626//626 622//622
f 622//622 647//647 638//638
f 618//618 617//617 645//645
f 646//646 645//645 647//647
f 646//646 618//618 616//616
f 616//616 619//619 621//621
f 621//621 623//623 629//629
f 623//623 625//625 629//629
f 625//625 627//627 629//629
f 629//629 631//631 633//633
f 633//633 635//635 637//637
f 637//637 639//639 646//646
f 639//639 641//641 646//646
f 641//641 643//643 646//646
f 646//646 616//616 629//629
f 616//616 621//621 629//629
f 629//629 633//633 646//646
f 612//612 570//570 569//569
f 567//567 1221//1221 571//571
f 648//648 1222//1222 649//649
f 651//651 653//653 649//649
f 652//652 1222//1222 649//649
f 656//656 694//694 660//660
f 660//660 654//654 656//656
f 655//655 658//658 657//657
f 656//656 659//659 658//658
f 657//657 695//695 659//659
f 695//695 696//696 659//659
f 660//660 695//695 657//657
f 661//661 665//665 662//662
f 664//664 667//667 665//665
f 666//666 669//669 667//667
f 668//668 671//671 669//669
f 670//670 673//673 671//671
f 672//672 675//675 673//673
f 674//674 677//677 675//675
f 676//676 679//679 677//677
f 678//678 681//681 679//679
f 680//680 683//683 681//681
f 682//682 685//685 683//683
f 684//684 687//687 685//685
f 686//686 689//689 687//687
f 688//688 690//690 689//689
f 667//667 665//665 690//690
f 665//665 662//662 690//690
f 662//662 691//691 690//690
f 690//690 689//689 687//687
f 687//687 685//685 683//683
f 683//683 681//681 679//679
f 679//679 677//677 683//683
f 677//677 675//675 683//683
f 675//675 673//673 671//671
f 671//671 669//669 667//667
f 690//690 687//687 683//683
f 675//675 671//671 683//683
f 671//671 667//667 683//683
f 663//663 662//662 691//691
f 692//692 691//691 690//690
f 692//692 663//663 661//661
f 661//661 664//664 666//666
f 666//666 668//668 670//670
f 670//670 672//672 674//674
f 674//674 676//676 678//678
f 678//678 680//680 682//682
f 682//682 684//684 692//692
f 684//684 686//686 692//692
f 686//686 688//688 692//692
f 692//692 661//661 674//674
f 661//661 666//666 674//674
f 666//666 670//670 674//674
f 674//674 678//678 692//692
f 693//693 652//652 653//653
f 694//694 696//696 695//695
f 656//656 659//659 696//696
f 697//697 701//701 698//698
f 700//700 703//703 701//701
f 702//702 705//705 703//703
f 704//704 707//707 705//705
f 706//706 709//709 707//707
f 708//708 711//711 709//709
f 710//710 713//713 711//711
f 712//712 715//715 713//713
f 714//714 717//717 715//715
f 716//716 719//719 717//717
f 718//718 721//721 719//719
f 720//720 723//723 721//721
f 722//722 725//725 723//723
f 724//724 728//728 725//725
f 703//703 701//701 698//698
f 698//698 726//726 703//703
f 726//726 728//728 703//703
f 728//728 725//725 723//723
f 723//723 721//721 719//719
f 719//719 717//717 715//715
f 715//715 713//713 719//719
f 713//713 711//711 719//719
f 711//711 709//709 707//707
f 707//707 705//705 703//703
f 728//728 723//723 719//719
f 711//711 707//707 703//703
f 703//703 728//728 719//719
f 699//699 698//698 726//726
f 727//727 726//726 728//728
f 727//727 699//699 697//697
f 697//697 700//700 702//702
f 702//702 704//704 710//710
f 704//704 706//706 710//710
f 706//706 708//708 710//710
f 710//710 712//712 714//714
f 714//714 716//716 718//718
f 718//718 720//720 727//727
f 720//720 722//722 727//727
f 722//722 724//724 727//727
f 727//727 697//697 710//710
f 697//697 702//702 710//710
f 710//710 714//714 727//727
f 693//693 651//651 650//650
f 648//648 1222//1222 652//652
f 729//729 1223//1223 730//730
f 732//732 734//734 730//730
f 733//733 1223//1223 730//730
f 737//737 775//775 741//741
f 741//741 735//735 737//737
f 736//736 739//739 738//738
f 737//737 740//740 739//739
f 738//738 776//776 740//740
f 776//776 777//777 740//740
f 741//741 776//776 738//738
f 742//742 746//746 743//743
f 745//745 748//748 746//746
f 747//747 750//750 748//748
f 749//749 752//752 750//750
f 751//751 754//754 752//752
f 753//753 756//756 754//754
f 755//755 758//758 756//756
f 757//757 760//760 758//758
f 759//759 762//762 760//760
f 761//761 764//764 762//762
f 763//763 766//766 764//764
f 765//765 768//768 766//766
f 767//767 770//770 768//768
f 769//769 771//771 770//770
f 748//748 746//746 771//771
f 746//746 743//743 771//771
f 743//743 772//772 771//771
f 771//771 770//770 768//768
f 768//768 766//766 764//764
f 764//764 762//762 760//760
f 760//760 758//758 764//764
f 758//758 756//756 764//764
f 756//756 754//754 752//752
f 752//752 750//750 748//748
f 771//771 768//768 764//764
f 756//756 752//752 764//764
f 752//752 748//748 764//764
f 744//744 743//743 772//772
f 773//773 772//772 771//771
f 773//773 744//744 742//742
f 742//742 745//745 747//747
f 747//747 749//749 751//751
f 751//751 753//753 755//755
f 755//755 757//757 759//759
f 759//759 761//761 763//763
f 763//763 765//765 773//773
f 765//765 767//767 773//773
f 767//767 769//769 773//773
f 773//773 742//742 755//755
f 742//742 747//747 755//755
f 747//747 751//751 755//755
f 755//755 759//759 773//773
f 774//774 733//733 734//734
f 775//775 777//777 776//776
f 737//737 740//740 777//777
f 778//778 782//782 779//779
f 781//781 784//784 782//782
f 783//783 786//786 784//784
f 785//785 788//788 786//786
f 787//787 790//790 788//788
f 789//789 792//792 790//790
f 791//791 794//794 792//792
f 793//793 796//796 794//794
f 795//795 798//798 796//796
f 797//797 800//800 798//798
f 799//799 802//802 800//800
f 801//801 804//804 802//802
f 803//803 806//806 804//804
f 805//805 809//809 806//806
f 784//784 782//782 779//779
f 779//779 807//807 784//784
f 807//807 809//809 784//784
f 809//809 806//806 804//804
f 804//804 802//802 800//800
f 800//800 798//798 796//796
f 796//796 794//794 800//800
f 794//794 792//792 800//800
f 792//792 790//790 788//788
f 788//788 786//786 784//784
f 809//809 804//804 800//800
f 792//792 788//788 784//784
f 784//784 809//809 800//800
f 780//780 779//779 807//807
f 808//808 807//807 809//809
f 808//808 780//780 778//778
f 778//778 781//781 783//783
f 783//783 785//785 791//791
f 785//785 787//787 791//791
f 787//787 789//789 791//791
f 791//791 793//793 795//795
f 795//795 797//797 799//799
f 799//799 801//801 808//808
f 801//801 803//803 808//808
f 803//803 805//805 808//808
f 808//808 778//778 791//791
f 778//778 783//783 791//791
f 791//791 795//795 808//808
f 774//774 732//732 731//731
f 729//729 1223//1223 733//733
f 810//810 1224//1224 811//811
f 813//813 815//815 811//811
f 814//814 1224//1224 811//811
f 818//818 856//856 822//822
f 822//822 816//816 818//818
f 817//817 820//820 819//819
f 818//818 821//821 820//820
f 819//819 857//857 821//821
f 857//857 858//858 821//821
f 822//822 857//857 819//819
f 823//823 827//827 824//824
f 826//826 829//829 827//827
f 828//828 831//831 829//829
f 830//830 833//833 831//831
f 832//832 835//835 833//833
f 834//834 837//837 835//835
f 836//836 839//839 837//837
f 838//838 841//841 839//839
f 840//840 843//843 841//841
f 842//842 845//845 843//843
f 844//844 847//847 845//845
f 846//846 849//849 847//847
f 848//848 851//851 849//849
f 850//850 852//852 851//851
f 829//829 827//827 852//852
f 827//827 824//824 852//852
f 824//824 853//853 852//852
f 852//852 851//851 849//849
f 849//849 847//847 845//845
f 845//845 843//843 841//841
f 841//841 839//839 845//845
f 839//839 837//837 845//845
f 837//837 835//835 833//833
f 833//833 831//831 829//829
f 852//852 849//849 845//845
f 837//837 833//833 845//845
f 833//833 829//829 845//845
f 825//825 824//824 853//853
f 854//854 853//853 852//852
f 854//854 825//825 823//823
f 823//823 826//826 828//828
f 828//828 830//830 832//832
f 832//832 834//834 836//836
f 836//836 838//838 840//840
f 840//840 842//842 844//844
f 844//844 846//846 854//854
f 846//846 848//848 854//854
f 848//848 850//850 854//854
f 854//854 823//823 836//836
f 823//823 828//828 836//836
f 828//828 832//832 836//836
f 836//836 840//840 854//854
f 855//855 814//814 815//815
f 856//856 858//858 857//857
f 818//818 821//821 858//858
f 859//859 863//863 860//860
f 862//862 865//865 863//863
f 864//864 867//867 865//865
f 866//866 869//869 867//867
f 868//868 871//871 869//869
f 870//870 873//873 871//871
f 872//872 875//875 873//873
f 874//874 877//877 875//875
f 876//876 879//879 877//877
f 878//878 881//881 879//879
f 880//880 883//883 881//881
f 882//882 885//885 883//883
f 884//884 887//887 885//885
f 886//886 890//890 887//887
f 865//865 863//863 860//860
f 860//860 888//888 865//865
f 888//888 890//890 865//865
f 890//890 887//887 885//885
f 885//885 883//883 881//881
f 881//881 879//879 877//877
f 877//877 875//875 881//881
f 875//875 873//873 881//881
f 873//873 871//871 869//869
f 869//869 867//867 865//865
f 890//890 885//885 881//881
f 873//873 869//869 865//865
f 865//865 890//890 881//881
f 861//861 860//860 888//888
f 889//889 888//888 890//890
f 889//889 861//861 859//859
f 859//859 862//862 864//864
f 864//864 866//866 872//872
f 866//866 868//868 872//872
f 868//868 870//870 872//872
f 872//872 874//874 876//876
f 876//876 878//878 880//880
f 880//880 882//882 889//889
f 882//882 884//884 889//889
f 884//884 886//886 889//889
f 889//889 859//859 872//872
f 859//859 864//864 872//872
f 872//872 876//876 889//889
f 855//855 813//813 812//812
f 810//810 1224//1224 814//814
f 891//891 1225//1225 892//892
f 894//894 896//896 892//892
f 895//895 1225//1225 892//892
f 899//899 937//937 903//903
f 903//903 897//897 899//899
f 898//898 901//901 900//900
f 899//899 902//902 901//901
f 900//900 938//938 902//902
f 938//938 939//939 902//902
f 903//903 938//938 900//900
f 904//904 908//908 905//905
f 907//907 910//910 908//908
f 909//909 912//912 910//910
f 911//911 914//914 912//912
f 913//913 916//916 914//914
f 915//915 918//918 916//916
f 917//917 920//920 918//918
f 919//919 922//922 920//920
f 921//921 924//924 922//922
f 923//923 926//926 924//924
f 925//925 928//928 926//926
f 927//927 930//930 928//928
f 929//929 932//932 930//930
f 931//931 933//933 932//932
f 910//910 908//908 905//905
f 905//905 934//934 933//933
f 933//933 932//932 930//930
f 930//930 928//928 926//926
f 926//926 924//924 922//922
f 922//922 920//920 918//918
f 918//918 916//916 914//914
f 914//914 912//912 910//910
f 910//910 905//905 933//933
f 933//933 930//930 926//926
f 926//926 922//922 918//918
f 918//918 914//914 926//926
f 914//914 910//910 926//926
f 906//906 905//905 934//934
f 935//935 934//934 933//933
f 935//935 906//906 909//909
f 906//906 904//904 909//909
f 904//904 907//907 909//909
f 909//909 911//911 913//913
f 913//913 915//915 909//909
f 915//915 917//917 909//909
f 917//917 919//919 921//921
f 921//921 923//923 917//917
f 923//923 925//925 917//917
f 925//925 927//927 929//929
f 929//929 931//931 925//925
f 931//931 935//935 925//925
f 935//935 909//909 925//925
f 936//936 895//895 896//896
f 937//937 939//939 938//938
f 899//899 902//902 939//939
f 940//940 944//944 941//941
f 943//943 946//946 944//944
f 945//945 948//948 946//946
f 947//947 950//950 948//948
f 949//949 952//952 950//950
f 951//951 954//954 952//952
f 953//953 956//956 954//954
f 955//955 958//958 956//956
f 957//957 960//960 958//958
f 959//959 962//962 960//960
f 961//961 964//964 962//962
f 963//963 966//966 964//964
f 965//965 968//968 966//966
f 967//967 971//971 968//968
f 946//946 944//944 941//941
f 941//941 969//969 971//971
f 971//971 968//968 966//966
f 966//966 964//964 962//962
f 962//962 960//960 958//958
f 958//958 956//956 954//954
f 954//954 952//952 950//950
f 950//950 948//948 946//946
f 946//946 941//941 971//971
f 971//971 966//966 962//962
f 962//962 958//958 954//954
f 954//954 950//950 946//946
f 946//946 971//971 962//962
f 942//942 941//941 969//969
f 970//970 969//969 971//971
f 970//970 942//942 940//940
f 940//940 943//943 970//970
f 943//943 945//945 970//970
f 945//945 947//947 949//949
f 949//949 951//951 945//945
f 951//951 953//953 945//945
f 953//953 955//955 957//957
f 957//957 959//959 953//953
f 959//959 961//961 953//953
f 961//961 963//963 965//965
f 965//965 967//967 961//961
f 967//967 970//970 961//961
f 970//970 945//945 953//953
f 936//936 894//894 893//893
f 891//891 1225//1225 895//895
f 972//972 1226//1226 973//973
f 975//975 977//977 973//973
f 976//976 1226//1226 973//973
f 980//980 1018//1018 984//984
f 984//984 978//978 980//980
f 979//979 982//982 981//981
f 980//980 983//983 982//982
f 981//981 1019//1019 983//983
f 1019//1019 1020//1020 983//983
f 984//984 1019//1019 981//981
f 985//985 989//989 986//986
f 988//988 991//991 989//989
f 990//990 993//993 991//991
f 992//992 995//995 993//993
f 994//994 997//997 995//995
f 996//996 999//999 997//997
f 998//998 1001//1001 999//999
f 1000//1000 1003//1003 1001//1001
f 1002//1002 1005//1005 1003//1003
f 1004//1004 1007//1007 1005//1005
f 1006//1006 1009//1009 1007//1007
f 1008//1008 1011//1011 1009//1009
f 1010//1010 1013//1013 1011//1011
f 1012//1012 1014//1014 1013//1013
f 991//991 989//989 1014//1014
f 989//989 986//986 1014//1014
f 986//986 1015//1015 1014//1014
f 1014//1014 1013//1013 1011//1011
f 1011//1011 1009//1009 1007//1007
f 1007//1007 1005//1005 1003//1003
f 1003//1003 1001//1001 999//999
f 999//999 997//997 995//995
f 995//995 993//993 991//991
f 1014//1014 1011//1011 1007//1007
f 1007//1007 1003//1003 999//999
f 999//999 995//995 1007//1007
f 995//995 991//991 1007//1007
f 987//987 986//986 1015//1015
f 1016//1016 1015//1015 1014//1014
f 1016//1016 987//987 985//985
f 985//985 988//988 990//990
f 990//990 992//992 994//994
f 994//994 996//996 998//998
f 998//998 1000//1000 1006//1006
f 1000//1000 1002//1002 1006//1006
f 1002//1002 1004//1004 1006//1006
f 1006//1006 1008//1008 1016//1016
f 1008//1008 1010//1010 1016//1016
f 1010//1010 1012//1012 1016//1016
f 1016//1016 985//985 990//990
f 990//990 994//994 1016//1016
f 994//994 998//998 1016//1016
f 1017//1017 976//976 977//977
f 1018//1018 1020//1020 1019//1019
f 980//980 983//983 1020//1020
f 1021//1021 1025//1025 1022//1022
f 1024//1024 1027//1027 1025//1025
f 1026//1026 1029//1029 1027//1027
f 1028//1028 1031//1031 1029//1029
f 1030//1030 1033//1033 1031//1031
f 1032//1032 1035//1035 1033//1033
f 1034//1034 1037//1037 1035//1035
f 1036//1036 1039//1039 1037//1037
f 1038//1038 1041//1041 1039//1039
f 1040//1040 1043//1043 1041//1041
f 1042//1042 1045//1045 1043//1043
f 1044//1044 1047//1047 1045//1045
f 1046//1046 1049//1049 1047//1047
f 1048//1048 1052//1052 1049//1049
f 1027//1027 1025//1025 1052//1052
f 1025//1025 1022//1022 1052//1052
f 1022//1022 1050//1050 1052//1052
f 1052//1052 1049//1049 1047//1047
f 1047//1047 1045//1045 1043//1043
f 1043//1043 1041//1041 1039//1039
f 1039//1039 1037//1037 1035//1035
f 1035//1035 1033//1033 1031//1031
f 1031//1031 1029//1029 1027//1027
f 1052//1052 1047//1047 1043//1043
f 1043//1043 1039//1039 1035//1035
f 1035//1035 1031//1031 1027//1027
f 1027//1027 1052//1052 1043//1043
f 1023//1023 1022//1022 1050//1050
f 1051//1051 1050//1050 1052//1052
f 1051//1051 1023//1023 1021//1021
f 1021//1021 1024//1024 1026//1026
f 1026//1026 1028//1028 1030//1030
f 1030//1030 1032//1032 1026//1026
f 1032//1032 1034//1034 1026//1026
f 1034//1034 1036//1036 1042//1042
f 1036//1036 1038//1038 1042//1042
f 1038//1038 1040//1040 1042//1042
f 1042//1042 1044//1044 1051//1051
f 1044//1044 1046//1046 1051//1051
f 1046//1046 1048//1048 1051//1051
f 1051//1051 1021//1021 1034//1034
f 1021//1021 1026//1026 1034//1034
f 1017//1017 975//975 974//974
f 972//972 1226//1226 976//976
f 1053//1053 1227//1227 1054//1054
f 1056//1056 1058//1058 1054//1054
f 1057//1057 1227//1227 1054//1054
f 1061//1061 1099//1099 1065//1065
f 1065//1065 1059//1059 1061//1061
f 1060//1060 1063//1063 1062//1062
f 1061//1061 1064//1064 1063//1063
f 1062//1062 1100//1100 1064//1064
f 1100//1100 1101//1101 1064//1064
f 1065//1065 1100//1100 1062//1062
f 1066//1066 1070//1070 1067//1067
f 1069//1069 1072//1072 1070//1070
f 1071//1071 1074//1074 1072//1072
f 1073//1073 1076//1076 1074//1074
f 1075//1075 1078//1078 1076//1076
f 1077//1077 1080//1080 1078//1078
f 1079//1079 1082//1082 1080//1080
f 1081//1081 1084//1084 1082//1082
f 1083//1083 1086//1086 1084//1084
f 1085//1085 1088//1088 1086//1086
f 1087//1087 1090//1090 1088//1088
f 1089//1089 1092//1092 1090//1090
f 1091//1091 1094//1094 1092//1092
f 1093//1093 1095//1095 1094//1094
f 1072//1072 1070//1070 1095//1095
f 1070//1070 1067//1067 1095//1095
f 1067//1067 1096//1096 1095//1095
f 1095//1095 1094//1094 1092//1092
f 1092//1092 1090//1090 1088//1088
f 1088//1088 1086//1086 1084//1084
f 1084//1084 1082//1082 1080//1080
f 1080//1080 1078//1078 1076//1076
f 1076//1076 1074//1074 1072//1072
f 1095//1095 1092//1092 1088//1088
f 1088//1088 1084//1084 1080//1080
f 1080//1080 1076//1076 1088//1088
f 1076//1076 1072//1072 1088//1088
f 1068//1068 1067//1067 1096//1096
f 1097//1097 1096//1096 1095//1095
f 1097//1097 1068//1068 1066//1066
f 1066//1066 1069//1069 1071//1071
f 1071//1071 1073//1073 1075//1075
f 1075//1075 1077//1077 1079//1079
f 1079//1079 1081//1081 1087//1087
f 1081//1081 1083//1083 1087//1087
f 1083//1083 1085//1085 1087//1087
f 1087//1087 1089//1089 1097//1097
f 1089//1089 1091//1091 1097//1097
f 1091//1091 1093//1093 1097//1097
f 1097//1097 1066//1066 1071//1071
f 1071//1071 1075//1075 1097//1097
f 1075//1075 1079//1079 1097//1097
f 1098//1098 1057//1057 1058//1058
f 1099//1099 1101//1101 1100//1100
f 1061//1061 1064//1064 1101//1101
f 1102//1102 1106//1106 1103//1103
f 1105//1105 1108//1108 1106//1106
f 1107//1107 1110//1110 1108//1108
f 1109//1109 1112//1112 1110//1110
f 1111//1111 1114//1114 1112//1112
f 1113//1113 1116//1116 1114//1114
f 1115//1115 1118//1118 1116//1116
f 1117//1117 1120//1120 1118//1118
f 1119//1119 1122//1122 1120//1120
f 1121//1121 1124//1124 1122//1122
f 1123//1123 1126//1126 1124//1124
f 1125//1125 1128//1128 1126//1126
f 1127//1127 1130//1130 1128//1128
f 1129//1129 1133//1133 1130//1130
f 1108//1108 1106//1106 1103//1103
f 1103//1103 1131//1131 1108//1108
f 1131//1131 1133//1133 1108//1108
f 1133//1133 1130//1130 1128//1128
f 1128//1128 1126//1126 1124//1124
f 1124//1124 1122//1122 1120//1120
f 1120//1120 1118//1118 1116//1116
f 1116//1116 1114//1114 1112//1112
f 1112//1112 1110//1110 1108//1108
f 1133//1133 1128//1128 1124//1124
f 1124//1124 1120//1120 1116//1116
f 1116//1116 1112//1112 1108//1108
f 1108//1108 1133//1133 1124//1124
f 1104//1104 1103//1103 1131//1131
f 1132//1132 1131//1131 1133//1133
f 1132//1132 1104//1104 1102//1102
f 1102//1102 1105//1105 1107//1107
f 1107//1107 1109//1109 1111//1111
f 1111//1111 1113//1113 1107//1107
f 1113//1113 1115//1115 1107//1107
f 1115//1115 1117//1117 1123//1123
f 1117//1117 1119//1119 1123//1123
f 1119//1119 1121//1121 1123//1123
f 1123//1123 1125//1125 1132//1132
f 1125//1125 1127//1127 1132//1132
f 1127//1127 1129//1129 1132//1132
f 1132//1132 1102//1102 1115//1115
f 1102//1102 1107//1107 1115//1115
f 1098//1098 1056//1056 1055//1055
f 1053//1053 1227//1227 1057//1057
f 1134//1134 1228//1228 1135//1135
f 1137//1137 1139//1139 1135//1135
f 1138//1138 1228//1228 1135//1135
f 1142//1142 1180//1180 1146//1146
f 1146//1146 1140//1140 1142//1142
f 1141//1141 1144//1144 1143//1143
f 1142//1142 1145//1145 1144//1144
f 1143//1143 1181//1181 1145//1145
f 1181//1181 1182//1182 1145//1145
f 1146//1146 1181//1181 1143//1143
f 1147//1147 1151//1151 1148//1148
f 1150//1150 1153//1153 1151//1151
f 1152//1152 1155//1155 1153//1153
f 1154//1154 1157//1157 1155//1155
f 1156//1156 1159//1159 1157//1157
f 1158//1158 1161//1161 1159//1159
f 1160//1160 1163//1163 1161//1161
f 1162//1162 1165//1165 1163//1163
f 1164//1164 1167//1167 1165//1165
f 1166//1166 1169//1169 1167//1167
f 1168//1168 1171//1171 1169//1169
f 1170//1170 1173//1173 1171//1171
f 1172//1172 1175//1175 1173//1173
f 1174//1174 1176//1176 1175//1175
f 1153//1153 1151//1151 1176//1176
f 1151//1151 1148//1148 1176//1176
f 1148//1148 1177//1177 1176//1176
f 1176//1176 1175//1175 1173//1173
f 1173//1173 1171//1171 1169//1169
f 1169//1169 1167//1167 1165//1165
f 1165//1165 1163//1163 1161//1161
f 1161//1161 1159//1159 1157//1157
f 1157//1157 1155//1155 1153//1153
f 1176//1176 1173//1173 1169//1169
f 1169//1169 1165//1165 1161//1161
f 1161//1161 1157//1157 1169//1169
f 1157//1157 1153//1153 1169//1169
f 1149//1149 1148//1148 1177//1177
f 1178//1178 1177//1177 1176//1176
f 1178//1178 1149//1149 1147//1147
f 1147//1147 1150//1150 1152//1152
f 1152//1152 1154//1154 1156//1156
f 1156//1156 1158//1158 1160//1160
f 1160//1160 1162//1162 1168//1168
f 1162//1162 1164//1164 1168//1168
f 1164//1164 1166//1166 1168//1168
f 1168//1168 1170//1170 1178//1178
f 1170//1170 1172//1172 1178//1178
f 1172//1172 1174//1174 1178//1178
f 1178//1178 1147//1147 1152//1152
f 1152//1152 1156//1156 1178//1178
f 1156//1156 1160//1160 1178//1178
f 1179//1179 1138//1138 1139//1139
f 1180//1180 1182//1182 1181//1181
f 1142//1142 1145//1145 1182//1182
f 1183//1183 1187//1187 1184//1184
f 1186//1186 1189//1189 1187//1187
f 1188//1188 1191//1191 1189//1189
f 1190//1190 1193//1193 1191//1191
f 1192//1192 1195//1195 1193//1193
f 1194//1194 1197//1197 1195//1195
f 1196//1196 1199//1199 1197//1197
f 1198//1198 1201//1201 1199//1199
f 1200//1200 1203//1203 1201//1201
f 1202//1202 1205//1205 1203//1203
f 1204//1204 1207//1207 1205//1205
f 1206//1206 1209//1209 1207//1207
f 1208//1208 1211//1211 1209//1209
f 1210//1210 1214//1214 1211//1211
f 1189//1189 1187//1187 1184//1184
f 1184//1184 1212//1212 1189//1189
f 1212//1212 1214//1214 1189//1189
f 1214//1214 1211//1211 1209//1209
f 1209//1209 1207//1207 1205//1205
f 1205//1205 1203//1203 1201//1201
f 1201//1201 1199//1199 1197//1197
f 1197//1197 1195//1195 1193//1193
f 1193//1193 1191//1191 1189//1189
f 1214//1214 1209//1209 1205//1205
f 1205//1205 1201//1201 1197//1197
f 1197//1197 1193//1193 1189//1189
f 1189//1189 1214//1214 1205//1205
f 1185//1185 1184//1184 1212//1212
f 1213//1213 1212//1212 1214//1214
f 1213//1213 1185//1185 1183//1183
f 1183//1183 1186//1186 1188//1188
f 1188//1188 1190//1190 1192//1192
f 1192//1192 1194//1194 1188//1188
f 1194//1194 1196//1196 1188//1188
f 1196//1196 1198//1198 1204//1204
f 1198//1198 1200//1200 1204//1204
f 1200//1200 1202//1202 1204//1204
f 1204//1204 1206//1206 1213//1213
f 1206//1206 1208//1208 1213//1213
f 1208//1208 1210//1210 1213//1213
f 1213//1213 1183//1183 1196//1196
f 1183//1183 1188//1188 1196//1196
f 1179//1179 1137//1137 1136//1136
f 1134//1134 1228//1228 1138//1138
# Vertices: 1148, normals: 1148, texture coordinates: 0, faces: 2072

o obj3
v 0.78597319 2.53103662 3.64580059
v 0.79443169 -0.47136849 0.87941164
v 0.78597194 -0.47022778 0.87817472
v 0.80160481 2.52664733 3.65056086
v 0.80160356 -0.47461718 0.88293451
v 0.80639684 2.5217855 3.65583277
v 0.80639559 -0.47947913 0.88820702
v 0.80807835 -0.48521394 0.89442605
v 0.80639684 2.51031542 3.66827106
v 0.80639559 -0.49094898 0.90064508
v 0.80160356 -0.49581093 0.90591747
v 0.794433 2.50220513 3.67706633
v 0.79443169 -0.49905962 0.90944022
v 0.78597194 -0.50020009 0.91067737
v 0.77751344 2.50220513 3.67706633
v 0.77751219 -0.49905962 0.90944022
v 0.77034038 -0.49581093 0.90591747
v 0.77034163 2.50545382 3.67354345
v 0.76554835 -0.49094898 0.90064508
v 0.76386684 2.51605058 3.66205215
v 0.76386559 -0.48521394 0.89442605
v 0.76554835 -0.47947913 0.88820702
v 0.7655496 2.5217855 3.65583277
v 0.77034038 -0.47461718 0.88293451
v 0.77034163 2.52664733 3.65056086
v 0.7775135 2.52989602 3.64703798
v 0.77751219 -0.47136849 0.87941164
v 0.80639565 -0.51515388 0.86316055
v 0.80807835 -0.5073812 0.85982096
v 0.77034038 -0.5217433 0.86599183
v 0.77751219 -0.53272969 0.81960815
v 0.77751225 -0.52614623 0.8678835
v 0.77034038 -0.49301928 0.85364991
v 0.80639565 -0.49960876 0.85648131
v 0.80160356 -0.49301928 0.85364991
v 0.785972 -0.52769208 0.86854798
v 0.79443175 -0.52614623 0.8678835
v 0.76386559 -0.5073812 0.85982096
v 0.79443175 -0.48861635 0.85175818
v 0.785972 -0.48707038 0.85109401
v 0.80160356 -0.5217433 0.86599183
v 0.77751225 -0.48861635 0.85175818
v 0.76554835 -0.49960876 0.85648131
v 0.76554835 -0.51515388 0.86316055
v 0.77751219 -0.49201465 0.81960815
v 0.77034032 -0.49679124 0.7086817
v 0.77034038 -0.49679124 0.81960815
v 0.80639559 -0.50393999 0.81960815
v 0.8016035 -0.49679124 0.81960815
v 0.77034038 -0.52795309 0.81960815
v 0.80807835 -0.51237214 0.81960815
v 0.76554829 -0.52080446 0.81960815
v 0.80639559 -0.52080446 0.81960815
v 0.76386553 -0.51237214 0.81960815
v 0.8016035 -0.52795309 0.81960815
v 0.76554829 -0.50393999 0.81960815
v 0.79443169 -0.53272969 0.81960815
v 0.78597194 -0.53440684 0.81960815
v 0.79443169 -0.49201465 0.81960815
v 0.78597194 -0.49033749 0.81960815
v 0.76554823 -0.50393999 0.7086817
v 0.76554823 -0.52080446 0.7086817
v 0.79443163 -0.53272969 0.7086817
v 0.78597188 -0.49033749 0.7086817
v 0.77751213 -0.49201465 0.7086817
v 0.78597188 -0.53440684 0.7086817
v 0.79443163 -0.49201465 0.7086817
v 0.77751213 -0.53272969 0.7086817
v 0.80160344 -0.49679124 0.7086817
v 0.77034032 -0.52795309 0.7086817
v 0.80639553 -0.50393999 0.7086817
v 0.80807829 -0.51237214 0.7086817
v 0.76386547 -0.51237214 0.7086817
v 0.80639553 -0.52080446 0.7086817
v 0.80160344 -0.52795309 0.7086817
v 0.794433 2.52989602 3.64703798
v 0.8080796 2.51605058 3.66205215
v 0.80160481 2.50545382 3.67354345
v 0.78597325 2.50106454 3.67830324
v 0.7655496 2.51031542 3.66827106
vn -0 0.99525 -0.09732
vn 0.38619 0.71116 -0.58746
vn 0 0.77163 -0.63607
vn 0.52766 0.84709 0.06337
vn 0.71275 0.5395 -0.44825
vn 0.68945 0.68296 0.24132
vn 0.92863 0.28411 -0.23862
vn 0.99987 -0.01358 0.00893
vn 0.68943 0.29579 0.66121
vn 0.91727 -0.30574 0.25524
vn 0.69708 -0.54811 0.46223
vn 0.28556 0.02203 0.95811
vn 0.37526 -0.7071 0.59932
vn 0 -0.76234 0.64718
vn -0.28556 0.02203 0.95811
vn -0.37526 -0.70711 0.59932
vn -0.69708 -0.54811 0.46223
vn -0.52766 0.13169 0.83919
vn -0.91727 -0.30574 0.25524
vn -0.74619 0.4894 0.45132
vn -0.99987 -0.01358 0.00893
vn -0.92863 0.2841 -0.23861
vn -0.68944 0.68296 0.24132
vn -0.71276 0.5395 -0.44824
vn -0.52766 0.84709 0.06337
vn -0.28554 0.95676 -0.05544
vn -0.38619 0.71116 -0.58747
vn 0.91388 -0.38167 0.13841
vn 0.99962 -0.02629 0.00816
vn -0.69331 -0.67598 0.24974
vn -0.37783 -0.9238 0.06191
vn -0.37296 -0.86928 0.32443
vn -0.72059 0.65487 -0.22778
vn 0.93326 0.33838 -0.12049
vn 0.72059 0.65487 -0.22779
vn 0 -0.93649 0.35068
vn 0.37296 -0.86928 0.32443
vn -0.99962 -0.02629 0.00816
vn 0.39244 0.87009 -0.29821
vn 0 0.94652 -0.32265
vn 0.69331 -0.67598 0.24974
vn -0.39244 0.87009 -0.29821
vn -0.93326 0.33838 -0.12049
vn -0.91388 -0.38167 0.13842
vn -0.38332 0.92234 -0.04849
vn -0.52686 0.52844 -0.66571
vn -0.70855 0.70463 -0.03814
vn 0.92564 0.37782 -0.02116
vn 0.70855 0.70463 -0.03814
vn -0.70099 -0.71162 0.04706
vn 0.99997 -0.00749 0.00119
vn -0.92028 -0.39044 0.02546
vn 0.92028 -0.39044 0.02546
vn -0.99997 -0.00749 0.00119
vn 0.70099 -0.71162 0.04706
vn -0.92564 0.37782 -0.02116
vn 0.37783 -0.9238 0.06191
vn 0 -0.99774 0.0672
vn 0.38332 0.92234 -0.04849
vn -0 0.99865 -0.05201
vn -0.68918 0.28632 -0.66562
vn -0.68919 -0.28633 -0.66561
vn 0.2848 -0.68964 -0.66579
vn -0 0.74611 -0.66583
vn -0.2848 0.68964 -0.6658
vn -0 -0.7461 -0.66583
vn 0.2848 0.68964 -0.6658
vn -0.2848 -0.68964 -0.6658
vn 0.52686 0.52843 -0.66572
vn -0.52686 -0.52843 -0.66572
vn 0.68918 0.28633 -0.66561
vn 0.74631 0 -0.6656
vn -0.74631 0 -0.6656
vn 0.68918 -0.28633 -0.66562
vn 0.52686 -0.52844 -0.66571
vn 0.28554 0.95676 -0.05545
vn 0.74619 0.4894 0.45132
vn 0.52764 0.13171 0.83919
vn 0 -0.01646 0.99986
vn -0.68943 0.29579 0.66121
usemtl mat0
f 1229//1229 1230//1230 1231//1231
f 1230//1230 1232//1232 1233//1233
f 1233//1233 1234//1234 1235//1235
f 1234//1234 1236//1236 1235//1235
f 1236//1236 1237//1237 1238//1238
f 1237//1237 1239//1239 1238//1238
f 1239//1239 1240//1240 1241//1241
f 1240//1240 1242//1242 1241//1241
f 1242//1242 1243//1243 1244//1244
f 1243//1243 1245//1245 1244//1244
f 1246//1246 1247//1247 1245//1245
f 1247//1247 1248//1248 1249//1249
f 1248//1248 1250//1250 1249//1249
f 1251//1251 1252//1252 1250//1250
f 1232//1232 1253//1253 1246//1246
f 1254//1254 1231//1231 1255//1255
f 1253//1253 1255//1255 1252//1252
f 1236//1236 1256//1256 1257//1257
f 1258//1258 1259//1259 1260//1260
f 1245//1245 1260//1260 1244//1244
f 1255//1255 1261//1261 1252//1252
f 1233//1233 1262//1262 1263//1263
f 1241//1241 1264//1264 1265//1265
f 1250//1250 1266//1266 1249//1249
f 1231//1231 1267//1267 1268//1268
f 1238//1238 1269//1269 1256//1256
f 1247//1247 1258//1258 1245//1245
f 1231//1231 1270//1270 1255//1255
f 1235//1235 1257//1257 1262//1262
f 1244//1244 1264//1264 1242//1242
f 1252//1252 1271//1271 1250//1250
f 1230//1230 1263//1263 1267//1267
f 1239//1239 1265//1265 1269//1269
f 1249//1249 1272//1272 1247//1247
f 1273//1273 1274//1274 1275//1275
f 1263//1263 1276//1276 1277//1277
f 1272//1272 1278//1278 1258//1258
f 1262//1262 1279//1279 1276//1276
f 1266//1266 1280//1280 1272//1272
f 1257//1257 1281//1281 1279//1279
f 1271//1271 1282//1282 1266//1266
f 1256//1256 1283//1283 1281//1281
f 1261//1261 1284//1284 1271//1271
f 1269//1269 1285//1285 1283//1283
f 1270//1270 1275//1275 1261//1261
f 1265//1265 1286//1286 1285//1285
f 1268//1268 1287//1287 1288//1288
f 1268//1268 1273//1273 1270//1270
f 1260//1260 1286//1286 1264//1264
f 1267//1267 1277//1277 1287//1287
f 1289//1289 1274//1274 1290//1290
f 1286//1286 1291//1291 1285//1285
f 1287//1287 1292//1292 1288//1288
f 1273//1273 1292//1292 1293//1293
f 1259//1259 1294//1294 1286//1286
f 1277//1277 1295//1295 1287//1287
f 1278//1278 1296//1296 1259//1259
f 1276//1276 1297//1297 1277//1277
f 1280//1280 1298//1298 1278//1278
f 1279//1279 1299//1299 1276//1276
f 1282//1282 1290//1290 1280//1280
f 1281//1281 1300//1300 1279//1279
f 1282//1282 1289//1289 1301//1301
f 1283//1283 1302//1302 1281//1281
f 1275//1275 1289//1289 1284//1284
f 1285//1285 1303//1303 1283//1283
f 1229//1229 1304//1304 1230//1230
f 1230//1230 1304//1304 1232//1232
f 1233//1233 1232//1232 1234//1234
f 1234//1234 1305//1305 1236//1236
f 1236//1236 1305//1305 1237//1237
f 1237//1237 1306//1306 1239//1239
f 1239//1239 1306//1306 1240//1240
f 1240//1240 1307//1307 1242//1242
f 1242//1242 1307//1307 1243//1243
f 1243//1243 1246//1246 1245//1245
f 1246//1246 1308//1308 1247//1247
f 1247//1247 1308//1308 1248//1248
f 1248//1248 1251//1251 1250//1250
f 1251//1251 1253//1253 1252//1252
f 1232//1232 1304//1304 1229//1229
f 1229//1229 1254//1254 1253//1253
f 1253//1253 1251//1251 1248//1248
f 1248//1248 1308//1308 1253//1253
f 1308//1308 1246//1246 1253//1253
f 1246//1246 1243//1243 1307//1307
f 1307//1307 1240//1240 1306//1306
f 1306//1306 1237//1237 1232//1232
f 1237//1237 1305//1305 1232//1232
f 1305//1305 1234//1234 1232//1232
f 1232//1232 1229//1229 1253//1253
f 1246//1246 1307//1307 1232//1232
f 1307//1307 1306//1306 1232//1232
f 1254//1254 1229//1229 1231//1231
f 1253//1253 1254//1254 1255//1255
f 1236//1236 1238//1238 1256//1256
f 1258//1258 1278//1278 1259//1259
f 1245//1245 1258//1258 1260//1260
f 1255//1255 1270//1270 1261//1261
f 1233//1233 1235//1235 1262//1262
f 1241//1241 1242//1242 1264//1264
f 1250//1250 1271//1271 1266//1266
f 1231//1231 1230//1230 1267//1267
f 1238//1238 1239//1239 1269//1269
f 1247//1247 1272//1272 1258//1258
f 1231//1231 1268//1268 1270//1270
f 1235//1235 1236//1236 1257//1257
f 1244//1244 1260//1260 1264//1264
f 1252//1252 1261//1261 1271//1271
f 1230//1230 1233//1233 1263//1263
f 1239//1239 1241//1241 1265//1265
f 1249//1249 1266//1266 1272//1272
f 1273//1273 1293//1293 1274//1274
f 1263//1263 1262//1262 1276//1276
f 1272//1272 1280//1280 1278//1278
f 1262//1262 1257//1257 1279//1279
f 1266//1266 1282//1282 1280//1280
f 1257//1257 1256//1256 1281//1281
f 1271//1271 1284//1284 1282//1282
f 1256//1256 1269//1269 1283//1283
f 1261//1261 1275//1275 1284//1284
f 1269//1269 1265//1265 1285//1285
f 1270//1270 1273//1273 1275//1275
f 1265//1265 1264//1264 1286//1286
f 1268//1268 1267//1267 1287//1287
f 1268//1268 1288//1288 1273//1273
f 1260//1260 1259//1259 1286//1286
f 1267//1267 1263//1263 1277//1277
f 1293//1293 1292//1292 1294//1294
f 1292//1292 1295//1295 1291//1291
f 1295//1295 1297//1297 1291//1291
f 1297//1297 1299//1299 1303//1303
f 1291//1291 1297//1297 1303//1303
f 1299//1299 1300//1300 1302//1302
f 1302//1302 1303//1303 1299//1299
f 1291//1291 1294//1294 1292//1292
f 1294//1294 1296//1296 1293//1293
f 1296//1296 1298//1298 1293//1293
f 1298//1298 1290//1290 1274//1274
f 1293//1293 1298//1298 1274//1274
f 1290//1290 1301//1301 1289//1289
f 1286//1286 1294//1294 1291//1291
f 1287//1287 1295//1295 1292//1292
f 1273//1273 1288//1288 1292//1292
f 1259//1259 1296//1296 1294//1294
f 1277//1277 1297//1297 1295//1295
f 1278//1278 1298//1298 1296//1296
f 1276//1276 1299//1299 1297//1297
f 1280//1280 1290//1290 1298//1298
f 1279//1279 1300//1300 1299//1299
f 1282//1282 1301//1301 1290//1290
f 1281//1281 1302//1302 1300//1300
f 1282//1282 1284//1284 1289//1289
f 1283//1283 1303//1303 1302//1302
f 1275//1275 1274//1274 1289//1289
f 1285//1285 1291//1291 1303//1303
# Vertices: 80, normals: 80, texture coordinates: 0, faces: 156

